doc_id,chunk_id,start,end,num_chars
0,0,0,800,800
0,1,600,1400,800
0,2,1200,2000,800
0,3,1800,2600,799
0,4,2400,3200,799
0,5,3000,3800,799
0,6,3600,4400,800
0,7,4200,5000,800
0,8,4800,5600,799
0,9,5400,6200,799
0,10,6000,6800,800
0,11,6600,7400,800
0,12,7200,8000,800
0,13,7800,8600,799
0,14,8400,9200,800
0,15,9000,9800,799
0,16,9600,10400,799
0,17,10200,11000,799
0,18,10800,11600,800
0,19,11400,12200,800
0,20,12000,12800,800
0,21,12600,13400,799
0,22,13200,14000,798
0,23,13800,14600,800
0,24,14400,15200,800
0,25,15000,15800,800
0,26,15600,16400,800
0,27,16200,17000,800
0,28,16800,17600,800
0,29,17400,18200,800
0,30,18000,18800,800
0,31,18600,19400,798
0,32,19200,20000,799
0,33,19800,20600,800
0,34,20400,21200,799
0,35,21000,21800,800
0,36,21600,22400,800
0,37,22200,23000,800
0,38,22800,23600,800
0,39,23400,24200,800
0,40,24000,24800,800
0,41,24600,25400,798
0,42,25200,26000,800
0,43,25800,26600,800
0,44,26400,27200,800
0,45,27000,27800,800
0,46,27600,28400,798
0,47,28200,29000,800
0,48,28800,29600,800
0,49,29400,30200,799
0,50,30000,30800,799
0,51,30600,31400,800
0,52,31200,32000,800
0,53,31800,32600,800
0,54,32400,33200,799
0,55,33000,33800,799
0,56,33600,34400,800
0,57,34200,35000,800
0,58,34800,35600,800
0,59,35400,36200,800
0,60,36000,36800,799
0,61,36600,37400,799
0,62,37200,38000,800
0,63,37800,38600,800
0,64,38400,39200,799
0,65,39000,39800,800
0,66,39600,40400,800
0,67,40200,41000,799
0,68,40800,41600,800
0,69,41400,42200,800
0,70,42000,42800,800
0,71,42600,43400,800
0,72,43200,44000,800
0,73,43800,44600,800
0,74,44400,44604,204
1,75,0,800,800
1,76,600,1400,800
1,77,1200,2000,800
1,78,1800,2600,799
1,79,2400,3200,800
1,80,3000,3800,799
1,81,3600,4400,800
1,82,4200,5000,791
1,83,4800,5600,792
1,84,5400,6200,800
1,85,6000,6800,800
1,86,6600,7400,800
1,87,7200,8000,800
1,88,7800,8566,766
2,89,0,800,799
2,90,600,1400,799
2,91,1200,2000,800
2,92,1800,2600,800
2,93,2400,3200,800
2,94,3000,3800,799
2,95,3600,4400,800
2,96,4200,5000,800
2,97,4800,5600,799
2,98,5400,6200,800
2,99,6000,6800,799
2,100,6600,7400,800
2,101,7200,8000,800
2,102,7800,8600,800
2,103,8400,9200,800
2,104,9000,9800,800
2,105,9600,10400,800
2,106,10200,11000,800
2,107,10800,11600,799
2,108,11400,12200,799
2,109,12000,12800,799
2,110,12600,13400,800
2,111,13200,14000,800
2,112,13800,14600,800
2,113,14400,15200,800
2,114,15000,15800,800
2,115,15600,16400,799
2,116,16200,17000,800
2,117,16800,17600,800
2,118,17400,18200,799
2,119,18000,18800,799
2,120,18600,19400,800
2,121,19200,20000,799
2,122,19800,20600,799
2,123,20400,21200,800
2,124,21000,21800,800
2,125,21600,22400,800
2,126,22200,23000,800
2,127,22800,23600,799
2,128,23400,24200,800
2,129,24000,24800,800
2,130,24600,25400,800
2,131,25200,26000,800
2,132,25800,26600,800
2,133,26400,27200,800
2,134,27000,27800,799
2,135,27600,28400,800
2,136,28200,29000,800
2,137,28800,29600,800
2,138,29400,30200,799
2,139,30000,30800,800
2,140,30600,31400,800
2,141,31200,32000,799
2,142,31800,32600,800
2,143,32400,33200,800
2,144,33000,33800,800
2,145,33600,34400,799
2,146,34200,35000,800
2,147,34800,35600,799
2,148,35400,36200,800
2,149,36000,36800,800
2,150,36600,37400,800
2,151,37200,38000,800
2,152,37800,38600,799
2,153,38400,39200,800
2,154,39000,39800,799
2,155,39600,40400,800
2,156,40200,41000,799
2,157,40800,41600,800
2,158,41400,42200,800
2,159,42000,42800,798
2,160,42600,43400,800
2,161,43200,44000,800
2,162,43800,44600,800
2,163,44400,45200,799
2,164,45000,45800,800
2,165,45600,46400,799
2,166,46200,47000,800
2,167,46800,47600,800
2,168,47400,48200,800
2,169,48000,48800,800
2,170,48600,49400,799
2,171,49200,50000,800
2,172,49800,50600,799
2,173,50400,51200,800
2,174,51000,51800,800
2,175,51600,52400,800
2,176,52200,53000,800
2,177,52800,53600,800
2,178,53400,54200,800
2,179,54000,54800,799
2,180,54600,55400,800
2,181,55200,56000,800
2,182,55800,56600,799
2,183,56400,57200,800
2,184,57000,57800,800
2,185,57600,58400,800
2,186,58200,59000,800
2,187,58800,59600,800
2,188,59400,60200,800
2,189,60000,60800,800
2,190,60600,61400,799
2,191,61200,62000,800
2,192,61800,62600,800
2,193,62400,63200,800
2,194,63000,63800,800
2,195,63600,64400,799
2,196,64200,65000,800
2,197,64800,65600,800
2,198,65400,66200,800
2,199,66000,66800,800
2,200,66600,67400,800
2,201,67200,68000,799
2,202,67800,68600,799
2,203,68400,69200,799
2,204,69000,69800,799
2,205,69600,70400,800
2,206,70200,71000,800
2,207,70800,71600,800
2,208,71400,72200,800
2,209,72000,72800,800
2,210,72600,73400,799
2,211,73200,74000,800
2,212,73800,74600,800
2,213,74400,75200,800
2,214,75000,75800,799
2,215,75600,76400,800
2,216,76200,77000,799
2,217,76800,77600,800
2,218,77400,78200,800
2,219,78000,78800,800
2,220,78600,79400,800
2,221,79200,80000,800
2,222,79800,80600,799
2,223,80400,81200,800
2,224,81000,81800,800
2,225,81600,82071,471
3,226,0,800,800
3,227,600,1400,800
3,228,1200,2000,799
3,229,1800,2600,800
3,230,2400,3200,799
3,231,3000,3800,800
3,232,3600,4065,464
4,233,0,800,800
4,234,600,1400,800
4,235,1200,2000,800
4,236,1800,2600,800
4,237,2400,3200,799
4,238,3000,3800,800
4,239,3600,4400,799
4,240,4200,5000,800
4,241,4800,5600,800
4,242,5400,6200,799
4,243,6000,6800,799
4,244,6600,7400,800
4,245,7200,8000,800
4,246,7800,8600,800
4,247,8400,9200,800
4,248,9000,9800,799
4,249,9600,10400,800
4,250,10200,11000,800
4,251,10800,11600,800
4,252,11400,12200,799
4,253,12000,12800,800
4,254,12600,13400,800
4,255,13200,14000,800
4,256,13800,14600,800
4,257,14400,15200,800
4,258,15000,15800,800
4,259,15600,16400,800
4,260,16200,17000,800
4,261,16800,17600,799
4,262,17400,18200,800
4,263,18000,18800,799
4,264,18600,19400,800
4,265,19200,20000,799
4,266,19800,20600,799
4,267,20400,21200,800
4,268,21000,21800,800
4,269,21600,22400,800
4,270,22200,23000,799
4,271,22800,23600,800
4,272,23400,24200,800
4,273,24000,24800,799
4,274,24600,25400,800
4,275,25200,26000,800
4,276,25800,26600,800
4,277,26400,27200,800
4,278,27000,27800,799
4,279,27600,28400,800
4,280,28200,29000,800
4,281,28800,29600,799
4,282,29400,30200,800
4,283,30000,30800,799
4,284,30600,31400,800
4,285,31200,32000,798
4,286,31800,32600,800
4,287,32400,33200,798
4,288,33000,33800,800
4,289,33600,34400,799
4,290,34200,35000,800
4,291,34800,35600,799
4,292,35400,36200,800
4,293,36000,36800,800
4,294,36600,37400,800
4,295,37200,38000,800
4,296,37800,38600,800
4,297,38400,39200,800
4,298,39000,39800,800
4,299,39600,40400,800
4,300,40200,41000,800
4,301,40800,41600,800
4,302,41400,42200,800
4,303,42000,42800,800
4,304,42600,43400,799
4,305,43200,44000,800
4,306,43800,44600,800
4,307,44400,45200,800
4,308,45000,45800,800
4,309,45600,46400,799
4,310,46200,47000,800
4,311,46800,47600,800
4,312,47400,48200,800
4,313,48000,48800,799
4,314,48600,49400,800
4,315,49200,50000,800
4,316,49800,50600,800
4,317,50400,51200,800
4,318,51000,51800,800
4,319,51600,52400,800
4,320,52200,53000,800
4,321,52800,53600,800
4,322,53400,54200,799
4,323,54000,54800,800
4,324,54600,55400,800
4,325,55200,56000,800
4,326,55800,56600,800
4,327,56400,57200,800
4,328,57000,57800,800
4,329,57600,58400,799
4,330,58200,59000,800
4,331,58800,59600,800
4,332,59400,60200,800
4,333,60000,60800,800
4,334,60600,61400,799
4,335,61200,62000,800
4,336,61800,62600,800
4,337,62400,63200,800
4,338,63000,63800,799
4,339,63600,64400,799
4,340,64200,65000,800
4,341,64800,65600,799
4,342,65400,66200,800
4,343,66000,66800,799
4,344,66600,67400,799
4,345,67200,68000,798
4,346,67800,68600,799
4,347,68400,69200,800
4,348,69000,69800,798
4,349,69600,70400,800
4,350,70200,71000,799
4,351,70800,71600,799
4,352,71400,72200,800
4,353,72000,72800,799
4,354,72600,73400,800
4,355,73200,74000,800
4,356,73800,74600,800
4,357,74400,75200,800
4,358,75000,75800,800
4,359,75600,76400,800
4,360,76200,77000,799
4,361,76800,77600,800
4,362,77400,78200,800
4,363,78000,78800,799
4,364,78600,79400,799
4,365,79200,80000,800
4,366,79800,80600,800
4,367,80400,81200,800
4,368,81000,81800,800
4,369,81600,82400,799
4,370,82200,83000,799
4,371,82800,83600,800
4,372,83400,84200,800
4,373,84000,84800,800
4,374,84600,85400,800
4,375,85200,86000,800
4,376,85800,86600,799
4,377,86400,87200,800
4,378,87000,87800,800
4,379,87600,88400,800
4,380,88200,89000,799
4,381,88800,89600,800
4,382,89400,90200,800
4,383,90000,90800,800
4,384,90600,91400,800
4,385,91200,92000,800
4,386,91800,92600,799
4,387,92400,92917,517
5,388,0,800,800
5,389,600,1400,800
5,390,1200,2000,798
5,391,1800,2600,800
5,392,2400,3200,800
5,393,3000,3800,799
5,394,3600,4400,800
5,395,4200,5000,800
5,396,4800,5600,800
5,397,5400,6200,800
5,398,6000,6800,800
5,399,6600,7400,800
5,400,7200,8000,800
5,401,7800,8600,800
5,402,8400,9200,800
5,403,9000,9800,799
5,404,9600,10400,800
5,405,10200,11000,800
5,406,10800,11600,799
5,407,11400,12200,799
5,408,12000,12800,800
5,409,12600,13400,799
5,410,13200,14000,800
5,411,13800,14600,800
5,412,14400,15200,800
5,413,15000,15800,800
5,414,15600,16400,800
5,415,16200,17000,800
5,416,16800,17600,800
5,417,17400,18200,800
5,418,18000,18800,799
5,419,18600,19400,799
5,420,19200,20000,799
5,421,19800,20600,800
5,422,20400,21200,800
5,423,21000,21800,799
5,424,21600,22400,799
5,425,22200,23000,800
5,426,22800,23600,800
5,427,23400,24200,800
5,428,24000,24800,800
5,429,24600,25400,799
5,430,25200,26000,800
5,431,25800,26600,799
5,432,26400,27200,799
5,433,27000,27800,800
5,434,27600,28400,799
5,435,28200,29000,799
5,436,28800,29600,800
5,437,29400,30200,800
5,438,30000,30800,798
5,439,30600,31400,799
5,440,31200,32000,800
5,441,31800,32600,800
5,442,32400,33200,800
5,443,33000,33800,799
5,444,33600,34400,800
5,445,34200,35000,799
5,446,34800,35600,800
5,447,35400,36200,800
5,448,36000,36800,799
5,449,36600,37400,800
5,450,37200,38000,800
5,451,37800,38600,800
5,452,38400,39200,800
5,453,39000,39800,800
5,454,39600,40400,800
5,455,40200,41000,800
5,456,40800,41600,799
5,457,41400,42200,800
5,458,42000,42800,799
5,459,42600,43400,799
5,460,43200,44000,800
5,461,43800,44600,800
5,462,44400,45200,800
5,463,45000,45800,800
5,464,45600,46400,800
5,465,46200,47000,800
5,466,46800,47600,800
5,467,47400,48200,800
5,468,48000,48800,800
5,469,48600,49400,800
5,470,49200,50000,799
5,471,49800,50600,800
5,472,50400,51200,800
5,473,51000,51800,799
5,474,51600,52400,800
5,475,52200,53000,800
5,476,52800,53600,800
5,477,53400,54200,799
5,478,54000,54607,607
6,479,0,800,800
6,480,600,1400,800
6,481,1200,2000,798
6,482,1800,2600,800
6,483,2400,3200,800
6,484,3000,3800,799
6,485,3600,4400,800
6,486,4200,5000,800
6,487,4800,5600,800
6,488,5400,6200,800
6,489,6000,6800,800
6,490,6600,7400,800
6,491,7200,8000,800
6,492,7800,8600,800
6,493,8400,9200,800
6,494,9000,9800,799
6,495,9600,10400,800
6,496,10200,11000,800
6,497,10800,11600,799
6,498,11400,12200,799
6,499,12000,12800,800
6,500,12600,13400,799
6,501,13200,14000,800
6,502,13800,14600,800
6,503,14400,15200,800
6,504,15000,15800,800
6,505,15600,16400,800
6,506,16200,17000,800
6,507,16800,17600,800
6,508,17400,18200,800
6,509,18000,18800,799
6,510,18600,19400,799
6,511,19200,20000,799
6,512,19800,20600,800
6,513,20400,21200,800
6,514,21000,21800,799
6,515,21600,22400,799
6,516,22200,23000,800
6,517,22800,23600,800
6,518,23400,24200,800
6,519,24000,24800,800
6,520,24600,25400,799
6,521,25200,26000,800
6,522,25800,26600,799
6,523,26400,27200,799
6,524,27000,27800,800
6,525,27600,28400,799
6,526,28200,29000,799
6,527,28800,29600,800
6,528,29400,30200,800
6,529,30000,30800,798
6,530,30600,31400,799
6,531,31200,32000,800
6,532,31800,32600,800
6,533,32400,33200,800
6,534,33000,33800,799
6,535,33600,34400,800
6,536,34200,35000,799
6,537,34800,35600,800
6,538,35400,36200,800
6,539,36000,36800,799
6,540,36600,37400,800
6,541,37200,38000,800
6,542,37800,38600,800
6,543,38400,39200,800
6,544,39000,39800,800
6,545,39600,40400,800
6,546,40200,41000,800
6,547,40800,41600,799
6,548,41400,42200,800
6,549,42000,42800,799
6,550,42600,43400,799
6,551,43200,44000,800
6,552,43800,44600,800
6,553,44400,45200,800
6,554,45000,45800,800
6,555,45600,46400,800
6,556,46200,47000,800
6,557,46800,47600,800
6,558,47400,48200,800
6,559,48000,48800,800
6,560,48600,49400,800
6,561,49200,50000,799
6,562,49800,50600,800
6,563,50400,51200,800
6,564,51000,51800,799
6,565,51600,52400,800
6,566,52200,53000,800
6,567,52800,53600,800
6,568,53400,54200,799
6,569,54000,54607,607
7,570,0,800,800
7,571,600,1400,799
7,572,1200,2000,799
7,573,1800,2600,800
7,574,2400,3200,800
7,575,3000,3800,800
7,576,3600,4400,800
7,577,4200,5000,800
7,578,4800,5600,799
7,579,5400,6200,800
7,580,6000,6800,799
7,581,6600,7400,800
7,582,7200,8000,800
7,583,7800,8600,799
7,584,8400,9200,800
7,585,9000,9800,799
7,586,9600,10400,800
7,587,10200,11000,800
7,588,10800,11600,800
7,589,11400,12200,800
7,590,12000,12800,800
7,591,12600,13400,800
7,592,13200,14000,800
7,593,13800,14600,799
7,594,14400,15200,800
7,595,15000,15800,799
7,596,15600,16400,800
7,597,16200,17000,800
7,598,16800,17600,800
7,599,17400,18200,798
7,600,18000,18800,800
7,601,18600,19400,800
7,602,19200,20000,800
7,603,19800,20600,800
7,604,20400,21200,799
7,605,21000,21800,800
7,606,21600,22400,799
7,607,22200,23000,800
7,608,22800,23600,799
7,609,23400,24200,800
7,610,24000,24800,800
7,611,24600,25400,800
7,612,25200,26000,800
7,613,25800,26600,799
7,614,26400,27200,800
7,615,27000,27800,800
7,616,27600,28400,800
7,617,28200,29000,800
7,618,28800,29600,798
7,619,29400,30200,800
7,620,30000,30800,800
7,621,30600,31400,800
7,622,31200,32000,800
7,623,31800,32600,799
7,624,32400,33200,800
7,625,33000,33800,799
7,626,33600,34400,799
7,627,34200,35000,800
7,628,34800,35600,800
7,629,35400,36200,799
7,630,36000,36800,800
7,631,36600,37400,800
7,632,37200,38000,800
7,633,37800,38600,800
7,634,38400,39200,800
7,635,39000,39800,800
7,636,39600,40400,800
7,637,40200,41000,800
7,638,40800,41600,800
7,639,41400,42200,800
7,640,42000,42800,800
7,641,42600,43400,800
7,642,43200,44000,800
7,643,43800,44600,799
7,644,44400,45200,800
7,645,45000,45800,800
7,646,45600,46400,799
7,647,46200,47000,798
7,648,46800,47600,800
7,649,47400,48200,800
7,650,48000,48800,800
7,651,48600,49400,799
7,652,49200,50000,800
7,653,49800,50600,800
7,654,50400,51200,799
7,655,51000,51800,800
7,656,51600,52400,800
7,657,52200,53000,800
7,658,52800,53600,800
7,659,53400,54200,799
7,660,54000,54800,800
7,661,54600,55400,800
7,662,55200,56000,800
7,663,55800,56600,800
7,664,56400,57200,800
7,665,57000,57800,799
7,666,57600,58400,799
7,667,58200,59000,800
7,668,58800,59600,800
7,669,59400,60200,799
7,670,60000,60800,800
7,671,60600,61400,800
7,672,61200,62000,800
7,673,61800,62600,799
7,674,62400,63200,800
7,675,63000,63800,799
7,676,63600,64400,800
7,677,64200,65000,799
7,678,64800,65600,800
7,679,65400,66200,800
7,680,66000,66800,800
7,681,66600,67400,800
7,682,67200,68000,800
7,683,67800,68600,799
7,684,68400,69200,799
7,685,69000,69800,799
7,686,69600,70400,799
7,687,70200,70530,330
8,688,0,800,800
8,689,600,1400,799
8,690,1200,2000,800
8,691,1800,2600,799
8,692,2400,3200,799
8,693,3000,3800,798
8,694,3600,4400,799
8,695,4200,5000,799
8,696,4800,5600,800
8,697,5400,6200,799
8,698,6000,6800,800
8,699,6600,7400,800
8,700,7200,8000,799
8,701,7800,8600,800
8,702,8400,9200,799
8,703,9000,9800,800
8,704,9600,10400,800
8,705,10200,11000,800
8,706,10800,11600,800
8,707,11400,12200,800
8,708,12000,12800,800
8,709,12600,13400,800
8,710,13200,14000,799
8,711,13800,14600,800
8,712,14400,15200,800
8,713,15000,15800,799
8,714,15600,16400,800
8,715,16200,17000,800
8,716,16800,17600,799
8,717,17400,18200,800
8,718,18000,18800,799
8,719,18600,19400,800
8,720,19200,20000,800
8,721,19800,20600,800
8,722,20400,21200,799
8,723,21000,21800,800
8,724,21600,22400,800
8,725,22200,23000,800
8,726,22800,23600,800
8,727,23400,24200,800
8,728,24000,24800,799
8,729,24600,25400,799
8,730,25200,26000,798
8,731,25800,26600,800
8,732,26400,27200,800
8,733,27000,27800,800
8,734,27600,28400,800
8,735,28200,29000,799
8,736,28800,29600,800
8,737,29400,30200,800
8,738,30000,30800,800
8,739,30600,31400,799
8,740,31200,32000,800
8,741,31800,32600,800
8,742,32400,33200,799
8,743,33000,33800,800
8,744,33600,34400,800
8,745,34200,35000,800
8,746,34800,35600,800
8,747,35400,36200,800
8,748,36000,36800,800
8,749,36600,37400,799
8,750,37200,38000,800
8,751,37800,38600,799
8,752,38400,39200,800
8,753,39000,39800,800
8,754,39600,40400,800
8,755,40200,41000,800
8,756,40800,41600,800
8,757,41400,42200,800
8,758,42000,42800,800
8,759,42600,43400,800
8,760,43200,44000,799
8,761,43800,44600,799
8,762,44400,45200,800
8,763,45000,45800,800
8,764,45600,46400,798
8,765,46200,47000,800
8,766,46800,47600,800
8,767,47400,48200,800
8,768,48000,48800,800
8,769,48600,49400,800
8,770,49200,50000,800
8,771,49800,50600,800
8,772,50400,51200,799
8,773,51000,51800,800
8,774,51600,52400,799
8,775,52200,53000,800
8,776,52800,53600,800
8,777,53400,54200,800
8,778,54000,54800,799
8,779,54600,55400,800
8,780,55200,56000,800
8,781,55800,56600,800
8,782,56400,57200,798
8,783,57000,57800,800
8,784,57600,58400,800
8,785,58200,59000,800
8,786,58800,59600,799
8,787,59400,60200,800
8,788,60000,60800,800
8,789,60600,61400,800
8,790,61200,62000,800
8,791,61800,62600,800
8,792,62400,63200,800
8,793,63000,63800,800
8,794,63600,64400,799
8,795,64200,65000,800
8,796,64800,65600,800
8,797,65400,66200,800
8,798,66000,66800,800
8,799,66600,67400,800
8,800,67200,68000,800
8,801,67800,68600,800
8,802,68400,69200,800
8,803,69000,69800,799
8,804,69600,70400,800
8,805,70200,71000,799
8,806,70800,71600,799
8,807,71400,72200,800
8,808,72000,72800,800
8,809,72600,73400,800
8,810,73200,74000,800
8,811,73800,74600,800
8,812,74400,75200,800
8,813,75000,75800,800
8,814,75600,76400,799
8,815,76200,77000,800
8,816,76800,77600,799
8,817,77400,78200,800
8,818,78000,78800,800
8,819,78600,79400,799
8,820,79200,80000,800
8,821,79800,80600,799
8,822,80400,81200,800
8,823,81000,81800,800
8,824,81600,82400,799
8,825,82200,83000,799
8,826,82800,83600,799
8,827,83400,84200,800
8,828,84000,84800,800
8,829,84600,85400,800
8,830,85200,86000,799
8,831,85800,86600,799
8,832,86400,87200,800
8,833,87000,87800,800
8,834,87600,88400,800
8,835,88200,89000,800
8,836,88800,89600,800
8,837,89400,90200,799
8,838,90000,90800,800
8,839,90600,91400,800
8,840,91200,92000,800
8,841,91800,92600,800
8,842,92400,93200,800
8,843,93000,93800,800
8,844,93600,94400,800
8,845,94200,95000,799
8,846,94800,95600,800
8,847,95400,96200,799
8,848,96000,96800,800
8,849,96600,97400,800
8,850,97200,98000,800
8,851,97800,98600,800
8,852,98400,99200,800
8,853,99000,99800,799
8,854,99600,100400,800
8,855,100200,101000,800
8,856,100800,101600,799
8,857,101400,102200,799
8,858,102000,102800,800
8,859,102600,103400,800
8,860,103200,104000,800
8,861,103800,104600,800
8,862,104400,105200,800
8,863,105000,105800,800
8,864,105600,106400,800
8,865,106200,107000,800
8,866,106800,107600,799
8,867,107400,108200,800
8,868,108000,108800,799
8,869,108600,109400,800
8,870,109200,110000,800
8,871,109800,110600,799
8,872,110400,111200,800
8,873,111000,111800,800
8,874,111600,112400,799
8,875,112200,113000,799
8,876,112800,113600,800
8,877,113400,114200,799
8,878,114000,114800,800
8,879,114600,115400,800
8,880,115200,116000,800
8,881,115800,116600,800
8,882,116400,117200,800
8,883,117000,117800,799
8,884,117600,118400,800
8,885,118200,119000,800
8,886,118800,119600,800
8,887,119400,120200,800
8,888,120000,120800,800
8,889,120600,121400,800
8,890,121200,122000,800
8,891,121800,122600,800
8,892,122400,123200,800
8,893,123000,123800,800
8,894,123600,124400,799
8,895,124200,125000,800
8,896,124800,125600,800
8,897,125400,126200,800
8,898,126000,126800,800
8,899,126600,127400,800
8,900,127200,128000,800
8,901,127800,128600,800
8,902,128400,129200,799
8,903,129000,129800,800
8,904,129600,130400,800
8,905,130200,131000,800
8,906,130800,131600,799
8,907,131400,132200,800
8,908,132000,132800,800
8,909,132600,133400,798
8,910,133200,134000,800
8,911,133800,134600,799
8,912,134400,135200,799
8,913,135000,135800,800
8,914,135600,136400,800
8,915,136200,137000,800
8,916,136800,137600,799
8,917,137400,138200,800
8,918,138000,138800,800
8,919,138600,139400,799
8,920,139200,140000,800
8,921,139800,140600,800
8,922,140400,141200,800
8,923,141000,141800,799
8,924,141600,142400,799
8,925,142200,143000,800
8,926,142800,143600,800
8,927,143400,144200,800
8,928,144000,144800,800
8,929,144600,145400,800
8,930,145200,146000,799
8,931,145800,146600,800
8,932,146400,147200,799
8,933,147000,147800,800
8,934,147600,148400,800
8,935,148200,149000,799
8,936,148800,149600,800
8,937,149400,150200,800
8,938,150000,150800,800
8,939,150600,151400,799
8,940,151200,152000,800
8,941,151800,152600,799
8,942,152400,153200,800
8,943,153000,153800,800
8,944,153600,154400,800
8,945,154200,155000,800
8,946,154800,155600,800
8,947,155400,156200,800
8,948,156000,156800,800
8,949,156600,157400,800
8,950,157200,158000,799
8,951,157800,158600,799
8,952,158400,159200,800
8,953,159000,159800,799
8,954,159600,160400,800
8,955,160200,161000,800
8,956,160800,161600,800
8,957,161400,162200,799
8,958,162000,162800,800
8,959,162600,163400,800
8,960,163200,164000,800
8,961,163800,164600,800
8,962,164400,165200,799
8,963,165000,165800,798
8,964,165600,166400,800
8,965,166200,167000,800
8,966,166800,167600,800
8,967,167400,168200,798
8,968,168000,168800,800
8,969,168600,169400,799
8,970,169200,170000,800
8,971,169800,170600,800
8,972,170400,171200,800
8,973,171000,171800,800
8,974,171600,172400,800
8,975,172200,173000,800
8,976,172800,173600,800
8,977,173400,174200,800
8,978,174000,174800,798
8,979,174600,175400,800
8,980,175200,176000,799
8,981,175800,176600,800
8,982,176400,177200,800
8,983,177000,177800,800
8,984,177600,178400,800
8,985,178200,179000,800
8,986,178800,179600,800
8,987,179400,180200,800
8,988,180000,180800,800
8,989,180600,181400,799
8,990,181200,182000,799
8,991,181800,182600,800
8,992,182400,183200,800
8,993,183000,183800,800
8,994,183600,184400,800
8,995,184200,185000,800
8,996,184800,185600,800
8,997,185400,186200,799
8,998,186000,186800,800
8,999,186600,187400,800
8,1000,187200,188000,799
8,1001,187800,188600,800
8,1002,188400,189200,800
8,1003,189000,189800,799
8,1004,189600,190400,800
8,1005,190200,191000,799
8,1006,190800,191600,799
8,1007,191400,192200,800
8,1008,192000,192800,800
8,1009,192600,193400,800
8,1010,193200,194000,798
8,1011,193800,194600,800
8,1012,194400,195200,800
8,1013,195000,195800,800
8,1014,195600,196400,800
8,1015,196200,197000,800
8,1016,196800,197600,800
8,1017,197400,198200,800
8,1018,198000,198800,800
8,1019,198600,199400,800
8,1020,199200,200000,800
8,1021,199800,200600,800
8,1022,200400,201200,800
8,1023,201000,201800,799
8,1024,201600,202400,800
8,1025,202200,203000,800
8,1026,202800,203600,800
8,1027,203400,204200,800
8,1028,204000,204800,799
8,1029,204600,205400,800
8,1030,205200,206000,800
8,1031,205800,206600,800
8,1032,206400,207200,799
8,1033,207000,207800,800
8,1034,207600,208400,799
8,1035,208200,209000,800
8,1036,208800,209600,800
8,1037,209400,210200,800
8,1038,210000,210800,800
8,1039,210600,211400,800
8,1040,211200,212000,799
8,1041,211800,212600,800
8,1042,212400,213200,800
8,1043,213000,213800,799
8,1044,213600,214400,800
8,1045,214200,215000,799
8,1046,214800,215600,800
8,1047,215400,216200,800
8,1048,216000,216800,800
8,1049,216600,217400,800
8,1050,217200,218000,800
8,1051,217800,218600,798
8,1052,218400,219200,800
8,1053,219000,219800,800
8,1054,219600,220400,799
8,1055,220200,221000,800
8,1056,220800,221600,800
8,1057,221400,222200,800
8,1058,222000,222800,800
8,1059,222600,223400,799
8,1060,223200,224000,800
8,1061,223800,224600,800
8,1062,224400,225200,800
8,1063,225000,225800,799
8,1064,225600,226400,799
8,1065,226200,227000,799
8,1066,226800,227600,799
8,1067,227400,228200,800
8,1068,228000,228800,800
8,1069,228600,229400,799
8,1070,229200,230000,800
8,1071,229800,230600,798
8,1072,230400,231200,800
8,1073,231000,231800,800
8,1074,231600,232400,799
8,1075,232200,233000,799
8,1076,232800,233600,799
8,1077,233400,234200,799
8,1078,234000,234800,800
8,1079,234600,235400,800
8,1080,235200,236000,800
8,1081,235800,236600,800
8,1082,236400,237200,799
8,1083,237000,237800,800
8,1084,237600,238400,799
8,1085,238200,239000,800
8,1086,238800,239600,800
8,1087,239400,240200,800
8,1088,240000,240800,800
8,1089,240600,241400,800
8,1090,241200,242000,799
8,1091,241800,242600,800
8,1092,242400,243200,799
8,1093,243000,243800,799
8,1094,243600,244400,800
8,1095,244200,245000,800
8,1096,244800,245600,799
8,1097,245400,246200,800
8,1098,246000,246800,800
8,1099,246600,247400,799
8,1100,247200,248000,800
8,1101,247800,248600,800
8,1102,248400,249200,800
8,1103,249000,249800,800
8,1104,249600,250400,800
8,1105,250200,251000,800
8,1106,250800,251600,799
8,1107,251400,252200,800
8,1108,252000,252800,800
8,1109,252600,253400,800
8,1110,253200,254000,800
8,1111,253800,254600,800
8,1112,254400,255200,800
8,1113,255000,255800,800
8,1114,255600,256400,799
8,1115,256200,257000,799
8,1116,256800,257600,800
8,1117,257400,258200,799
8,1118,258000,258800,800
8,1119,258600,259400,800
8,1120,259200,260000,800
8,1121,259800,260600,800
8,1122,260400,261200,799
8,1123,261000,261800,800
8,1124,261600,262400,799
8,1125,262200,263000,799
8,1126,262800,263600,799
8,1127,263400,264200,799
8,1128,264000,264800,799
8,1129,264600,265400,800
8,1130,265200,266000,800
8,1131,265800,266600,800
8,1132,266400,267200,799
8,1133,267000,267800,799
8,1134,267600,268400,800
8,1135,268200,269000,799
8,1136,268800,269600,800
8,1137,269400,270200,800
8,1138,270000,270800,800
8,1139,270600,271400,800
8,1140,271200,272000,800
8,1141,271800,272600,800
8,1142,272400,273200,800
8,1143,273000,273800,800
8,1144,273600,274400,800
8,1145,274200,275000,799
8,1146,274800,275600,800
8,1147,275400,276200,800
8,1148,276000,276800,799
8,1149,276600,277400,800
8,1150,277200,278000,799
8,1151,277800,278600,799
8,1152,278400,279200,800
8,1153,279000,279800,799
8,1154,279600,280400,800
8,1155,280200,281000,800
8,1156,280800,281600,799
8,1157,281400,282200,800
8,1158,282000,282800,800
8,1159,282600,283400,799
8,1160,283200,284000,800
8,1161,283800,284600,800
8,1162,284400,285200,799
8,1163,285000,285800,800
8,1164,285600,286400,800
8,1165,286200,287000,800
8,1166,286800,287600,800
8,1167,287400,288200,800
8,1168,288000,288800,800
8,1169,288600,289400,799
8,1170,289200,290000,800
8,1171,289800,290600,800
8,1172,290400,291200,799
8,1173,291000,291800,800
8,1174,291600,292400,800
8,1175,292200,293000,799
8,1176,292800,293600,800
8,1177,293400,294200,800
8,1178,294000,294800,799
8,1179,294600,295400,800
8,1180,295200,296000,799
8,1181,295800,296600,799
8,1182,296400,297200,800
8,1183,297000,297800,799
8,1184,297600,298400,800
8,1185,298200,299000,800
8,1186,298800,299600,799
8,1187,299400,300200,799
8,1188,300000,300800,800
8,1189,300600,301400,800
8,1190,301200,302000,800
8,1191,301800,302600,799
8,1192,302400,303200,800
8,1193,303000,303800,800
8,1194,303600,304400,800
8,1195,304200,305000,800
8,1196,304800,305600,800
8,1197,305400,306200,799
8,1198,306000,306800,800
8,1199,306600,307400,800
8,1200,307200,308000,798
8,1201,307800,308600,800
8,1202,308400,309200,800
8,1203,309000,309800,799
8,1204,309600,310400,800
8,1205,310200,311000,800
8,1206,310800,311600,800
8,1207,311400,312200,800
8,1208,312000,312800,800
8,1209,312600,313400,799
8,1210,313200,314000,799
8,1211,313800,314600,800
8,1212,314400,315200,800
8,1213,315000,315800,800
8,1214,315600,316400,800
8,1215,316200,317000,800
8,1216,316800,317600,799
8,1217,317400,318200,800
8,1218,318000,318800,800
8,1219,318600,319400,799
8,1220,319200,320000,800
8,1221,319800,320600,799
8,1222,320400,321200,800
8,1223,321000,321800,800
8,1224,321600,322400,800
8,1225,322200,323000,800
8,1226,322800,323600,800
8,1227,323400,324200,799
8,1228,324000,324800,800
8,1229,324600,325400,799
8,1230,325200,326000,799
8,1231,325800,326600,799
8,1232,326400,327200,800
8,1233,327000,327800,800
8,1234,327600,328400,799
8,1235,328200,329000,798
8,1236,328800,329600,800
8,1237,329400,330200,800
8,1238,330000,330800,800
8,1239,330600,331400,800
8,1240,331200,332000,800
8,1241,331800,332600,799
8,1242,332400,333200,800
8,1243,333000,333800,800
8,1244,333600,334400,800
8,1245,334200,335000,800
8,1246,334800,335600,800
8,1247,335400,336200,799
8,1248,336000,336800,799
8,1249,336600,337400,800
8,1250,337200,338000,799
8,1251,337800,338600,799
8,1252,338400,339200,799
8,1253,339000,339800,799
8,1254,339600,340400,800
8,1255,340200,341000,800
8,1256,340800,341600,800
8,1257,341400,342200,799
8,1258,342000,342800,800
8,1259,342600,343400,799
8,1260,343200,344000,799
8,1261,343800,344600,800
8,1262,344400,345200,799
8,1263,345000,345800,800
8,1264,345600,346400,800
8,1265,346200,347000,800
8,1266,346800,347600,798
8,1267,347400,348200,799
8,1268,348000,348800,799
8,1269,348600,349400,800
8,1270,349200,350000,800
8,1271,349800,350600,800
8,1272,350400,351200,800
8,1273,351000,351800,800
8,1274,351600,352400,800
8,1275,352200,353000,799
8,1276,352800,353600,800
8,1277,353400,354200,800
8,1278,354000,354800,799
8,1279,354600,355400,800
8,1280,355200,356000,800
8,1281,355800,356600,800
8,1282,356400,357200,800
8,1283,357000,357800,800
8,1284,357600,358400,800
8,1285,358200,359000,800
8,1286,358800,359600,800
8,1287,359400,360200,800
8,1288,360000,360800,799
8,1289,360600,361400,799
8,1290,361200,362000,800
8,1291,361800,362600,800
8,1292,362400,363200,798
8,1293,363000,363800,800
8,1294,363600,364400,800
8,1295,364200,365000,799
8,1296,364800,365600,800
8,1297,365400,366200,800
8,1298,366000,366800,800
8,1299,366600,367400,800
8,1300,367200,368000,799
8,1301,367800,368600,800
8,1302,368400,369200,800
8,1303,369000,369800,800
8,1304,369600,370400,799
8,1305,370200,371000,800
8,1306,370800,371600,800
8,1307,371400,372200,799
8,1308,372000,372800,800
8,1309,372600,373400,800
8,1310,373200,374000,799
8,1311,373800,374600,800
8,1312,374400,375200,799
8,1313,375000,375800,800
8,1314,375600,376400,799
8,1315,376200,377000,800
8,1316,376800,377600,800
8,1317,377400,378200,800
8,1318,378000,378800,800
8,1319,378600,379400,800
8,1320,379200,380000,799
8,1321,379800,380600,800
8,1322,380400,381200,800
8,1323,381000,381800,799
8,1324,381600,382400,800
8,1325,382200,383000,800
8,1326,382800,383600,800
8,1327,383400,384200,800
8,1328,384000,384800,800
8,1329,384600,385400,800
8,1330,385200,386000,800
8,1331,385800,386600,800
8,1332,386400,387200,799
8,1333,387000,387800,800
8,1334,387600,388400,799
8,1335,388200,389000,799
8,1336,388800,389600,799
8,1337,389400,390200,800
8,1338,390000,390800,799
8,1339,390600,391400,799
8,1340,391200,392000,799
8,1341,391800,392600,800
8,1342,392400,393200,800
8,1343,393000,393800,800
8,1344,393600,394400,799
8,1345,394200,395000,799
8,1346,394800,395600,800
8,1347,395400,396200,800
8,1348,396000,396800,800
8,1349,396600,397400,800
8,1350,397200,398000,799
8,1351,397800,398600,800
8,1352,398400,399200,799
8,1353,399000,399800,799
8,1354,399600,400400,800
8,1355,400200,401000,799
8,1356,400800,401600,799
8,1357,401400,402200,800
8,1358,402000,402800,800
8,1359,402600,403400,800
8,1360,403200,404000,800
8,1361,403800,404600,800
8,1362,404400,405200,800
8,1363,405000,405800,799
8,1364,405600,406400,800
8,1365,406200,407000,800
8,1366,406800,407600,799
8,1367,407400,408200,800
8,1368,408000,408800,800
8,1369,408600,409400,799
8,1370,409200,410000,800
8,1371,409800,410600,799
8,1372,410400,411200,799
8,1373,411000,411800,799
8,1374,411600,412400,800
8,1375,412200,413000,800
8,1376,412800,413600,800
8,1377,413400,414200,798
8,1378,414000,414800,799
8,1379,414600,415400,800
8,1380,415200,416000,799
8,1381,415800,416600,800
8,1382,416400,417200,800
8,1383,417000,417800,800
8,1384,417600,418400,800
8,1385,418200,419000,799
8,1386,418800,419600,800
8,1387,419400,420200,799
8,1388,420000,420800,798
8,1389,420600,421400,800
8,1390,421200,422000,800
8,1391,421800,422600,799
8,1392,422400,423200,800
8,1393,423000,423800,800
8,1394,423600,424400,800
8,1395,424200,425000,800
8,1396,424800,425600,799
8,1397,425400,426200,799
8,1398,426000,426800,800
8,1399,426600,427400,800
8,1400,427200,428000,800
8,1401,427800,428600,799
8,1402,428400,429200,799
8,1403,429000,429800,799
8,1404,429600,430400,800
8,1405,430200,431000,800
8,1406,430800,431600,800
8,1407,431400,432200,800
8,1408,432000,432800,799
8,1409,432600,433400,800
8,1410,433200,434000,800
8,1411,433800,434600,800
8,1412,434400,435200,799
8,1413,435000,435800,800
8,1414,435600,436400,799
8,1415,436200,437000,800
8,1416,436800,437600,798
8,1417,437400,438200,800
8,1418,438000,438800,799
8,1419,438600,439400,800
8,1420,439200,440000,800
8,1421,439800,440600,799
8,1422,440400,441200,800
8,1423,441000,441800,799
8,1424,441600,442400,800
8,1425,442200,443000,800
8,1426,442800,443600,799
8,1427,443400,444200,800
8,1428,444000,444800,799
8,1429,444600,445400,800
8,1430,445200,446000,799
8,1431,445800,446600,800
8,1432,446400,447200,800
8,1433,447000,447800,800
8,1434,447600,448400,800
8,1435,448200,449000,800
8,1436,448800,449600,800
8,1437,449400,450200,799
8,1438,450000,450800,799
8,1439,450600,451400,800
8,1440,451200,452000,800
8,1441,451800,452600,800
8,1442,452400,453200,800
8,1443,453000,453800,800
8,1444,453600,454400,799
8,1445,454200,455000,800
8,1446,454800,455600,800
8,1447,455400,456200,799
8,1448,456000,456800,798
8,1449,456600,457400,800
8,1450,457200,458000,800
8,1451,457800,458600,800
8,1452,458400,459200,800
8,1453,459000,459800,800
8,1454,459600,460400,798
8,1455,460200,461000,800
8,1456,460800,461600,800
8,1457,461400,462200,800
8,1458,462000,462800,800
8,1459,462600,463400,800
8,1460,463200,464000,800
8,1461,463800,464600,800
8,1462,464400,465200,800
8,1463,465000,465800,800
8,1464,465600,466400,799
8,1465,466200,467000,800
8,1466,466800,467600,799
8,1467,467400,468200,800
8,1468,468000,468800,800
8,1469,468600,469400,800
8,1470,469200,470000,800
8,1471,469800,470600,800
8,1472,470400,471200,800
8,1473,471000,471800,800
8,1474,471600,472400,800
8,1475,472200,473000,800
8,1476,472800,473600,800
8,1477,473400,474200,800
8,1478,474000,474800,799
8,1479,474600,475400,800
8,1480,475200,476000,800
8,1481,475800,476600,800
8,1482,476400,477200,800
8,1483,477000,477800,799
8,1484,477600,478400,800
8,1485,478200,479000,800
8,1486,478800,479600,799
8,1487,479400,480200,799
8,1488,480000,480800,800
8,1489,480600,481400,799
8,1490,481200,482000,800
8,1491,481800,482600,799
8,1492,482400,483200,800
8,1493,483000,483800,800
8,1494,483600,484400,800
8,1495,484200,485000,799
8,1496,484800,485600,799
8,1497,485400,486200,800
8,1498,486000,486800,799
8,1499,486600,487400,800
8,1500,487200,488000,800
8,1501,487800,488600,799
8,1502,488400,489200,800
8,1503,489000,489800,800
8,1504,489600,490400,799
8,1505,490200,491000,800
8,1506,490800,491600,800
8,1507,491400,492200,799
8,1508,492000,492800,800
8,1509,492600,493400,800
8,1510,493200,494000,800
8,1511,493800,494600,799
8,1512,494400,495200,800
8,1513,495000,495800,799
8,1514,495600,496400,800
8,1515,496200,497000,799
8,1516,496800,497600,798
8,1517,497400,498200,800
8,1518,498000,498800,799
8,1519,498600,499400,799
8,1520,499200,500000,799
8,1521,499800,500600,800
8,1522,500400,501200,800
8,1523,501000,501800,800
8,1524,501600,502400,800
8,1525,502200,503000,799
8,1526,502800,503600,799
8,1527,503400,504200,800
8,1528,504000,504800,800
8,1529,504600,505400,799
8,1530,505200,506000,800
8,1531,505800,506600,800
8,1532,506400,507200,800
8,1533,507000,507800,799
8,1534,507600,508400,799
8,1535,508200,509000,800
8,1536,508800,509600,799
8,1537,509400,510200,799
8,1538,510000,510800,800
8,1539,510600,511400,800
8,1540,511200,512000,800
8,1541,511800,512600,800
8,1542,512400,513200,800
8,1543,513000,513800,800
8,1544,513600,514400,800
8,1545,514200,515000,799
8,1546,514800,515600,800
8,1547,515400,516200,800
8,1548,516000,516800,798
8,1549,516600,517400,800
8,1550,517200,518000,800
8,1551,517800,518600,800
8,1552,518400,519200,800
8,1553,519000,519800,800
8,1554,519600,520400,800
8,1555,520200,521000,800
8,1556,520800,521600,800
8,1557,521400,522200,800
8,1558,522000,522800,800
8,1559,522600,523400,799
8,1560,523200,524000,800
8,1561,523800,524600,799
8,1562,524400,525200,800
8,1563,525000,525800,800
8,1564,525600,526400,799
8,1565,526200,527000,799
8,1566,526800,527600,800
8,1567,527400,528200,800
8,1568,528000,528800,800
8,1569,528600,529400,800
8,1570,529200,530000,800
8,1571,529800,530600,799
8,1572,530400,531200,800
8,1573,531000,531800,800
8,1574,531600,532400,798
8,1575,532200,533000,800
8,1576,532800,533600,800
8,1577,533400,534200,800
8,1578,534000,534800,800
8,1579,534600,535400,799
8,1580,535200,536000,800
8,1581,535800,536600,798
8,1582,536400,537200,800
8,1583,537000,537800,800
8,1584,537600,538400,800
8,1585,538200,539000,799
8,1586,538800,539600,799
8,1587,539400,540200,799
8,1588,540000,540800,800
8,1589,540600,541400,799
8,1590,541200,542000,799
8,1591,541800,542600,799
8,1592,542400,543200,800
8,1593,543000,543800,800
8,1594,543600,544400,799
8,1595,544200,545000,800
8,1596,544800,545600,799
8,1597,545400,546200,800
8,1598,546000,546800,800
8,1599,546600,547400,799
8,1600,547200,548000,800
8,1601,547800,548600,800
8,1602,548400,549200,800
8,1603,549000,549800,800
8,1604,549600,550400,799
8,1605,550200,551000,799
8,1606,550800,551600,800
8,1607,551400,552200,799
8,1608,552000,552800,799
8,1609,552600,553400,800
8,1610,553200,554000,799
8,1611,553800,554600,799
8,1612,554400,555200,800
8,1613,555000,555800,799
8,1614,555600,556400,800
8,1615,556200,557000,799
8,1616,556800,557600,799
8,1617,557400,558200,800
8,1618,558000,558800,800
8,1619,558600,559400,800
8,1620,559200,560000,800
8,1621,559800,560600,800
8,1622,560400,561200,799
8,1623,561000,561800,800
8,1624,561600,562400,800
8,1625,562200,563000,800
8,1626,562800,563600,799
8,1627,563400,564200,800
8,1628,564000,564800,800
8,1629,564600,565400,800
8,1630,565200,566000,800
8,1631,565800,566600,800
8,1632,566400,567200,800
8,1633,567000,567800,800
8,1634,567600,568400,800
8,1635,568200,569000,799
8,1636,568800,569600,800
8,1637,569400,570200,800
8,1638,570000,570800,799
8,1639,570600,571400,800
8,1640,571200,572000,799
8,1641,571800,572600,800
8,1642,572400,573200,800
8,1643,573000,573800,800
8,1644,573600,574400,800
8,1645,574200,575000,799
8,1646,574800,575600,799
8,1647,575400,576200,800
8,1648,576000,576800,800
8,1649,576600,577400,800
8,1650,577200,578000,800
8,1651,577800,578600,799
8,1652,578400,579200,799
8,1653,579000,579800,800
8,1654,579600,580400,799
8,1655,580200,581000,800
8,1656,580800,581600,800
8,1657,581400,582200,800
8,1658,582000,582800,800
8,1659,582600,583400,799
8,1660,583200,584000,800
8,1661,583800,584600,799
8,1662,584400,585200,799
8,1663,585000,585800,799
8,1664,585600,586400,799
8,1665,586200,587000,800
8,1666,586800,587600,800
8,1667,587400,588200,800
8,1668,588000,588800,800
8,1669,588600,589400,800
8,1670,589200,590000,799
8,1671,589800,590600,799
8,1672,590400,591200,798
8,1673,591000,591800,800
8,1674,591600,592400,800
8,1675,592200,593000,800
8,1676,592800,593600,799
8,1677,593400,594200,800
8,1678,594000,594800,800
8,1679,594600,595400,799
8,1680,595200,596000,800
8,1681,595800,596600,799
8,1682,596400,597200,800
8,1683,597000,597800,798
8,1684,597600,598400,800
8,1685,598200,599000,800
8,1686,598800,599600,800
8,1687,599400,600200,799
8,1688,600000,600800,800
8,1689,600600,601400,799
8,1690,601200,602000,800
8,1691,601800,602600,799
8,1692,602400,603200,799
8,1693,603000,603800,800
8,1694,603600,604400,800
8,1695,604200,605000,799
8,1696,604800,605600,799
8,1697,605400,606200,799
8,1698,606000,606800,799
8,1699,606600,607400,800
8,1700,607200,608000,800
8,1701,607800,608600,800
8,1702,608400,609200,799
8,1703,609000,609800,800
8,1704,609600,610400,800
8,1705,610200,611000,800
8,1706,610800,611600,800
8,1707,611400,612200,800
8,1708,612000,612800,800
8,1709,612600,613400,800
8,1710,613200,614000,799
8,1711,613800,614600,799
8,1712,614400,615200,800
8,1713,615000,615800,799
8,1714,615600,616400,798
8,1715,616200,617000,799
8,1716,616800,617600,799
8,1717,617400,618200,799
8,1718,618000,618800,800
8,1719,618600,619400,800
8,1720,619200,620000,800
8,1721,619800,620600,800
8,1722,620400,621200,800
8,1723,621000,621800,800
8,1724,621600,622400,800
8,1725,622200,623000,800
8,1726,622800,623600,800
8,1727,623400,624200,800
8,1728,624000,624800,800
8,1729,624600,625400,800
8,1730,625200,626000,800
8,1731,625800,626600,800
8,1732,626400,627200,800
8,1733,627000,627800,800
8,1734,627600,628400,800
8,1735,628200,629000,799
8,1736,628800,629600,799
8,1737,629400,630200,800
8,1738,630000,630800,799
8,1739,630600,631400,800
8,1740,631200,632000,800
8,1741,631800,632600,799
8,1742,632400,633200,800
8,1743,633000,633800,799
8,1744,633600,634400,800
8,1745,634200,635000,800
8,1746,634800,635600,800
8,1747,635400,636200,800
8,1748,636000,636800,800
8,1749,636600,637400,798
8,1750,637200,638000,800
8,1751,637800,638600,799
8,1752,638400,639200,800
8,1753,639000,639800,800
8,1754,639600,640400,800
8,1755,640200,641000,799
8,1756,640800,641600,800
8,1757,641400,642200,800
8,1758,642000,642800,799
8,1759,642600,643400,800
8,1760,643200,644000,800
8,1761,643800,644600,800
8,1762,644400,645200,800
8,1763,645000,645800,800
8,1764,645600,646400,800
8,1765,646200,647000,800
8,1766,646800,647600,799
8,1767,647400,648200,800
8,1768,648000,648800,799
8,1769,648600,649400,799
8,1770,649200,650000,800
8,1771,649800,650600,800
8,1772,650400,651200,799
8,1773,651000,651800,799
8,1774,651600,652400,800
8,1775,652200,653000,799
8,1776,652800,653600,800
8,1777,653400,654200,800
8,1778,654000,654800,799
8,1779,654600,655400,800
8,1780,655200,656000,800
8,1781,655800,656600,800
8,1782,656400,657200,800
8,1783,657000,657800,800
8,1784,657600,658400,800
8,1785,658200,659000,800
8,1786,658800,659600,800
8,1787,659400,660200,800
8,1788,660000,660800,800
8,1789,660600,661400,800
8,1790,661200,662000,799
8,1791,661800,662600,798
8,1792,662400,663200,800
8,1793,663000,663800,799
8,1794,663600,664400,800
8,1795,664200,665000,800
8,1796,664800,665600,800
8,1797,665400,666200,799
8,1798,666000,666800,800
8,1799,666600,667400,800
8,1800,667200,668000,800
8,1801,667800,668600,799
8,1802,668400,669200,800
8,1803,669000,669800,799
8,1804,669600,670400,800
8,1805,670200,671000,799
8,1806,670800,671600,800
8,1807,671400,672200,800
8,1808,672000,672800,800
8,1809,672600,673400,800
8,1810,673200,674000,799
8,1811,673800,674600,799
8,1812,674400,675200,800
8,1813,675000,675800,800
8,1814,675600,676400,800
8,1815,676200,677000,799
8,1816,676800,677600,800
8,1817,677400,678200,800
8,1818,678000,678800,800
8,1819,678600,679400,800
8,1820,679200,680000,800
8,1821,679800,680600,799
8,1822,680400,681200,800
8,1823,681000,681800,800
8,1824,681600,682400,800
8,1825,682200,683000,800
8,1826,682800,683600,800
8,1827,683400,684200,800
8,1828,684000,684800,800
8,1829,684600,685400,800
8,1830,685200,686000,799
8,1831,685800,686600,800
8,1832,686400,687200,799
8,1833,687000,687800,800
8,1834,687600,688400,800
8,1835,688200,689000,799
8,1836,688800,689600,800
8,1837,689400,690200,799
8,1838,690000,690800,800
8,1839,690600,691400,799
8,1840,691200,692000,800
8,1841,691800,692600,800
8,1842,692400,693200,799
8,1843,693000,693800,800
8,1844,693600,694400,800
8,1845,694200,695000,800
8,1846,694800,695600,800
8,1847,695400,696200,800
8,1848,696000,696800,799
8,1849,696600,697400,800
8,1850,697200,698000,799
8,1851,697800,698600,799
8,1852,698400,699200,799
8,1853,699000,699800,800
8,1854,699600,700400,800
8,1855,700200,701000,800
8,1856,700800,701600,800
8,1857,701400,702200,800
8,1858,702000,702800,800
8,1859,702600,703400,800
8,1860,703200,704000,800
8,1861,703800,704600,800
8,1862,704400,705200,800
8,1863,705000,705800,800
8,1864,705600,706400,800
8,1865,706200,707000,800
8,1866,706800,707600,800
8,1867,707400,708200,799
8,1868,708000,708800,800
8,1869,708600,709400,800
8,1870,709200,710000,800
8,1871,709800,710600,800
8,1872,710400,711200,800
8,1873,711000,711800,800
8,1874,711600,712400,800
8,1875,712200,713000,800
8,1876,712800,713600,800
8,1877,713400,714200,800
8,1878,714000,714800,799
8,1879,714600,715400,800
8,1880,715200,716000,800
8,1881,715800,716600,800
8,1882,716400,717200,800
8,1883,717000,717800,799
8,1884,717600,718400,799
8,1885,718200,719000,800
8,1886,718800,719600,800
8,1887,719400,720200,800
8,1888,720000,720800,800
8,1889,720600,721400,799
8,1890,721200,722000,800
8,1891,721800,722600,800
8,1892,722400,723200,799
8,1893,723000,723800,799
8,1894,723600,724400,800
8,1895,724200,725000,800
8,1896,724800,725600,799
8,1897,725400,726200,800
8,1898,726000,726800,800
8,1899,726600,727400,800
8,1900,727200,728000,800
8,1901,727800,728600,800
8,1902,728400,729200,800
8,1903,729000,729800,800
8,1904,729600,730400,799
8,1905,730200,731000,800
8,1906,730800,731600,800
8,1907,731400,732200,800
8,1908,732000,732800,800
8,1909,732600,733400,800
8,1910,733200,734000,800
8,1911,733800,734600,799
8,1912,734400,735200,800
8,1913,735000,735800,799
8,1914,735600,736400,800
8,1915,736200,737000,800
8,1916,736800,737600,800
8,1917,737400,738200,800
8,1918,738000,738800,799
8,1919,738600,739400,800
8,1920,739200,740000,800
8,1921,739800,740600,799
8,1922,740400,741200,799
8,1923,741000,741800,800
8,1924,741600,742400,799
8,1925,742200,743000,799
8,1926,742800,743600,800
8,1927,743400,744200,800
8,1928,744000,744800,799
8,1929,744600,745400,800
8,1930,745200,746000,800
8,1931,745800,746600,800
8,1932,746400,747200,800
8,1933,747000,747800,800
8,1934,747600,748400,800
8,1935,748200,749000,799
8,1936,748800,749600,800
8,1937,749400,750200,799
8,1938,750000,750800,799
8,1939,750600,751400,800
8,1940,751200,752000,800
8,1941,751800,752600,800
8,1942,752400,753200,799
8,1943,753000,753800,799
8,1944,753600,754400,799
8,1945,754200,755000,800
8,1946,754800,755600,799
8,1947,755400,756200,800
8,1948,756000,756800,800
8,1949,756600,757400,799
8,1950,757200,758000,800
8,1951,757800,758600,799
8,1952,758400,759200,800
8,1953,759000,759800,800
8,1954,759600,760400,800
8,1955,760200,761000,800
8,1956,760800,761600,800
8,1957,761400,762200,800
8,1958,762000,762800,800
8,1959,762600,763400,800
8,1960,763200,764000,800
8,1961,763800,764600,800
8,1962,764400,765200,800
8,1963,765000,765800,800
8,1964,765600,766400,800
8,1965,766200,767000,799
8,1966,766800,767600,800
8,1967,767400,768200,800
8,1968,768000,768800,799
8,1969,768600,769400,800
8,1970,769200,770000,799
8,1971,769800,770600,800
8,1972,770400,771200,800
8,1973,771000,771800,799
8,1974,771600,772400,799
8,1975,772200,773000,800
8,1976,772800,773600,800
8,1977,773400,774200,799
8,1978,774000,774800,800
8,1979,774600,775400,800
8,1980,775200,776000,800
8,1981,775800,776600,800
8,1982,776400,777200,800
8,1983,777000,777800,800
8,1984,777600,778400,800
8,1985,778200,779000,800
8,1986,778800,779600,800
8,1987,779400,780200,799
8,1988,780000,780800,800
8,1989,780600,781400,799
8,1990,781200,782000,799
8,1991,781800,782600,800
8,1992,782400,783200,800
8,1993,783000,783800,800
8,1994,783600,784400,800
8,1995,784200,785000,800
8,1996,784800,785600,799
8,1997,785400,786200,798
8,1998,786000,786800,800
8,1999,786600,787400,798
8,2000,787200,788000,800
8,2001,787800,788600,798
8,2002,788400,789200,800
8,2003,789000,789800,800
8,2004,789600,790400,799
8,2005,790200,791000,799
8,2006,790800,791600,800
8,2007,791400,792200,800
8,2008,792000,792800,800
8,2009,792600,793400,800
8,2010,793200,794000,799
8,2011,793800,794600,799
8,2012,794400,795200,799
8,2013,795000,795800,799
8,2014,795600,796400,800
8,2015,796200,797000,800
8,2016,796800,797600,800
8,2017,797400,798200,800
8,2018,798000,798800,800
8,2019,798600,799400,800
8,2020,799200,800000,800
8,2021,799800,800600,800
8,2022,800400,801200,800
8,2023,801000,801800,800
8,2024,801600,802400,799
8,2025,802200,803000,799
8,2026,802800,803600,800
8,2027,803400,804200,800
8,2028,804000,804800,799
8,2029,804600,805400,800
8,2030,805200,806000,800
8,2031,805800,806600,799
8,2032,806400,807200,800
8,2033,807000,807800,800
8,2034,807600,808400,799
8,2035,808200,809000,798
8,2036,808800,809600,800
8,2037,809400,810200,800
8,2038,810000,810800,800
8,2039,810600,811400,800
8,2040,811200,812000,799
8,2041,811800,812600,800
8,2042,812400,813200,800
8,2043,813000,813800,800
8,2044,813600,814400,800
8,2045,814200,815000,800
8,2046,814800,815600,799
8,2047,815400,816200,799
8,2048,816000,816800,799
8,2049,816600,817400,799
8,2050,817200,818000,800
8,2051,817800,818600,800
8,2052,818400,819200,800
8,2053,819000,819800,799
8,2054,819600,820400,800
8,2055,820200,821000,800
8,2056,820800,821600,800
8,2057,821400,822200,800
8,2058,822000,822800,800
8,2059,822600,823400,799
8,2060,823200,824000,800
8,2061,823800,824600,799
8,2062,824400,825200,800
8,2063,825000,825800,800
8,2064,825600,826400,800
8,2065,826200,827000,799
8,2066,826800,827600,799
8,2067,827400,828200,799
8,2068,828000,828800,799
8,2069,828600,829400,800
8,2070,829200,830000,800
8,2071,829800,830600,799
8,2072,830400,831200,800
8,2073,831000,831800,800
8,2074,831600,832400,800
8,2075,832200,833000,799
8,2076,832800,833600,800
8,2077,833400,834200,800
8,2078,834000,834800,800
8,2079,834600,835400,800
8,2080,835200,836000,800
8,2081,835800,836600,800
8,2082,836400,837200,800
8,2083,837000,837800,800
8,2084,837600,838400,799
8,2085,838200,839000,800
8,2086,838800,839600,800
8,2087,839400,840200,800
8,2088,840000,840800,800
8,2089,840600,841400,800
8,2090,841200,842000,800
8,2091,841800,842600,799
8,2092,842400,843200,800
8,2093,843000,843800,800
8,2094,843600,844400,800
8,2095,844200,845000,799
8,2096,844800,845600,799
8,2097,845400,846200,799
8,2098,846000,846800,800
8,2099,846600,847400,799
8,2100,847200,848000,800
8,2101,847800,848600,800
8,2102,848400,849200,800
8,2103,849000,849800,800
8,2104,849600,850400,800
8,2105,850200,851000,799
8,2106,850800,851600,800
8,2107,851400,852200,800
8,2108,852000,852800,800
8,2109,852600,853400,799
8,2110,853200,854000,799
8,2111,853800,854600,800
8,2112,854400,855200,800
8,2113,855000,855800,800
8,2114,855600,856400,800
8,2115,856200,857000,800
8,2116,856800,857600,800
8,2117,857400,858200,800
8,2118,858000,858800,800
8,2119,858600,859400,800
8,2120,859200,860000,799
8,2121,859800,860600,800
8,2122,860400,861200,800
8,2123,861000,861800,800
8,2124,861600,862400,800
8,2125,862200,863000,799
8,2126,862800,863600,800
8,2127,863400,864200,800
8,2128,864000,864800,800
8,2129,864600,865400,800
8,2130,865200,866000,800
8,2131,865800,866600,799
8,2132,866400,867200,800
8,2133,867000,867800,800
8,2134,867600,868400,799
8,2135,868200,869000,800
8,2136,868800,869600,800
8,2137,869400,870200,800
8,2138,870000,870800,799
8,2139,870600,871400,799
8,2140,871200,872000,800
8,2141,871800,872600,799
8,2142,872400,873200,799
8,2143,873000,873800,798
8,2144,873600,874400,800
8,2145,874200,875000,800
8,2146,874800,875600,800
8,2147,875400,876200,800
8,2148,876000,876800,800
8,2149,876600,877400,800
8,2150,877200,878000,799
8,2151,877800,878600,800
8,2152,878400,879200,800
8,2153,879000,879800,800
8,2154,879600,880400,800
8,2155,880200,881000,799
8,2156,880800,881600,799
8,2157,881400,882200,799
8,2158,882000,882800,798
8,2159,882600,883400,799
8,2160,883200,884000,800
8,2161,883800,884600,800
8,2162,884400,885200,799
8,2163,885000,885800,799
8,2164,885600,886400,800
8,2165,886200,887000,800
8,2166,886800,887600,800
8,2167,887400,888200,800
8,2168,888000,888800,799
8,2169,888600,889400,800
8,2170,889200,890000,799
8,2171,889800,890600,799
8,2172,890400,891200,799
8,2173,891000,891800,800
8,2174,891600,892400,800
8,2175,892200,893000,799
8,2176,892800,893600,799
8,2177,893400,894200,800
8,2178,894000,894800,800
8,2179,894600,895400,800
8,2180,895200,896000,800
8,2181,895800,896600,800
8,2182,896400,897200,800
8,2183,897000,897800,799
8,2184,897600,898400,800
8,2185,898200,899000,800
8,2186,898800,899600,799
8,2187,899400,900200,800
8,2188,900000,900800,799
8,2189,900600,901400,800
8,2190,901200,902000,798
8,2191,901800,902600,799
8,2192,902400,903200,799
8,2193,903000,903800,800
8,2194,903600,904400,800
8,2195,904200,905000,799
8,2196,904800,905600,800
8,2197,905400,906200,799
8,2198,906000,906800,799
8,2199,906600,907400,799
8,2200,907200,908000,800
8,2201,907800,908600,800
8,2202,908400,909200,800
8,2203,909000,909800,800
8,2204,909600,910400,799
8,2205,910200,911000,800
8,2206,910800,911600,800
8,2207,911400,912200,800
8,2208,912000,912800,799
8,2209,912600,913400,799
8,2210,913200,914000,800
8,2211,913800,914600,799
8,2212,914400,915200,799
8,2213,915000,915800,800
8,2214,915600,916400,799
8,2215,916200,917000,800
8,2216,916800,917600,800
8,2217,917400,918200,800
8,2218,918000,918800,800
8,2219,918600,919400,799
8,2220,919200,920000,800
8,2221,919800,920600,800
8,2222,920400,921200,800
8,2223,921000,921800,800
8,2224,921600,922400,799
8,2225,922200,923000,800
8,2226,922800,923600,800
8,2227,923400,924200,799
8,2228,924000,924800,800
8,2229,924600,925400,800
8,2230,925200,926000,800
8,2231,925800,926600,799
8,2232,926400,927200,800
8,2233,927000,927800,800
8,2234,927600,928400,799
8,2235,928200,929000,800
8,2236,928800,929600,800
8,2237,929400,930200,800
8,2238,930000,930800,800
8,2239,930600,931400,799
8,2240,931200,932000,800
8,2241,931800,932600,800
8,2242,932400,933200,800
8,2243,933000,933800,800
8,2244,933600,934400,800
8,2245,934200,935000,800
8,2246,934800,935600,799
8,2247,935400,936200,800
8,2248,936000,936800,800
8,2249,936600,937400,800
8,2250,937200,938000,800
8,2251,937800,938600,800
8,2252,938400,939200,799
8,2253,939000,939800,800
8,2254,939600,940400,800
8,2255,940200,941000,799
8,2256,940800,941600,798
8,2257,941400,942200,799
8,2258,942000,942800,800
8,2259,942600,943400,799
8,2260,943200,944000,799
8,2261,943800,944600,799
8,2262,944400,945200,800
8,2263,945000,945800,800
8,2264,945600,946400,800
8,2265,946200,947000,800
8,2266,946800,947600,800
8,2267,947400,948200,800
8,2268,948000,948800,800
8,2269,948600,949400,800
8,2270,949200,950000,799
8,2271,949800,950600,800
8,2272,950400,951200,800
8,2273,951000,951800,799
8,2274,951600,952400,800
8,2275,952200,953000,800
8,2276,952800,953600,799
8,2277,953400,954200,800
8,2278,954000,954800,800
8,2279,954600,955400,800
8,2280,955200,956000,799
8,2281,955800,956600,799
8,2282,956400,957200,799
8,2283,957000,957800,799
8,2284,957600,958400,800
8,2285,958200,959000,799
8,2286,958800,959600,799
8,2287,959400,960200,799
8,2288,960000,960800,799
8,2289,960600,961400,799
8,2290,961200,962000,799
8,2291,961800,962600,800
8,2292,962400,963200,800
8,2293,963000,963800,800
8,2294,963600,964400,800
8,2295,964200,965000,799
8,2296,964800,965600,800
8,2297,965400,966200,800
8,2298,966000,966800,799
8,2299,966600,967400,800
8,2300,967200,968000,800
8,2301,967800,968600,800
8,2302,968400,969200,800
8,2303,969000,969800,800
8,2304,969600,970400,799
8,2305,970200,971000,799
8,2306,970800,971600,800
8,2307,971400,972200,800
8,2308,972000,972800,800
8,2309,972600,973400,799
8,2310,973200,974000,800
8,2311,973800,974600,800
8,2312,974400,975200,799
8,2313,975000,975800,800
8,2314,975600,976400,800
8,2315,976200,977000,800
8,2316,976800,977600,800
8,2317,977400,978200,800
8,2318,978000,978800,800
8,2319,978600,979400,798
8,2320,979200,980000,800
8,2321,979800,980600,800
8,2322,980400,981200,800
8,2323,981000,981800,800
8,2324,981600,982400,799
8,2325,982200,983000,800
8,2326,982800,983600,799
8,2327,983400,984200,800
8,2328,984000,984800,800
8,2329,984600,985400,800
8,2330,985200,986000,800
8,2331,985800,986600,800
8,2332,986400,987200,799
8,2333,987000,987800,800
8,2334,987600,988400,800
8,2335,988200,989000,800
8,2336,988800,989600,799
8,2337,989400,990200,799
8,2338,990000,990800,799
8,2339,990600,991400,800
8,2340,991200,992000,799
8,2341,991800,992600,800
8,2342,992400,993200,799
8,2343,993000,993800,800
8,2344,993600,994400,800
8,2345,994200,995000,800
8,2346,994800,995600,800
8,2347,995400,996200,800
8,2348,996000,996800,800
8,2349,996600,997400,800
8,2350,997200,998000,800
8,2351,997800,998600,799
8,2352,998400,999200,800
8,2353,999000,999800,799
8,2354,999600,1000400,800
8,2355,1000200,1001000,800
8,2356,1000800,1001600,800
8,2357,1001400,1002200,800
8,2358,1002000,1002800,798
8,2359,1002600,1003400,799
8,2360,1003200,1004000,800
8,2361,1003800,1004600,799
8,2362,1004400,1005200,800
8,2363,1005000,1005800,800
8,2364,1005600,1006400,799
8,2365,1006200,1007000,800
8,2366,1006800,1007600,800
8,2367,1007400,1008200,800
8,2368,1008000,1008800,799
8,2369,1008600,1009400,800
8,2370,1009200,1010000,799
8,2371,1009800,1010600,800
8,2372,1010400,1011200,800
8,2373,1011000,1011800,799
8,2374,1011600,1012400,800
8,2375,1012200,1013000,799
8,2376,1012800,1013600,800
8,2377,1013400,1014200,799
8,2378,1014000,1014800,800
8,2379,1014600,1015400,799
8,2380,1015200,1016000,799
8,2381,1015800,1016600,800
8,2382,1016400,1017200,800
8,2383,1017000,1017800,800
8,2384,1017600,1018400,799
8,2385,1018200,1019000,800
8,2386,1018800,1019600,799
8,2387,1019400,1020200,800
8,2388,1020000,1020800,799
8,2389,1020600,1021400,800
8,2390,1021200,1022000,799
8,2391,1021800,1022600,800
8,2392,1022400,1023200,800
8,2393,1023000,1023800,798
8,2394,1023600,1024400,799
8,2395,1024200,1025000,800
8,2396,1024800,1025600,800
8,2397,1025400,1026200,800
8,2398,1026000,1026800,799
8,2399,1026600,1027400,800
8,2400,1027200,1028000,800
8,2401,1027800,1028600,800
8,2402,1028400,1029200,800
8,2403,1029000,1029800,800
8,2404,1029600,1030400,800
8,2405,1030200,1031000,799
8,2406,1030800,1031600,800
8,2407,1031400,1032200,800
8,2408,1032000,1032800,800
8,2409,1032600,1033400,800
8,2410,1033200,1034000,800
8,2411,1033800,1034600,800
8,2412,1034400,1035200,800
8,2413,1035000,1035800,800
8,2414,1035600,1036400,800
8,2415,1036200,1037000,800
8,2416,1036800,1037600,800
8,2417,1037400,1038200,799
8,2418,1038000,1038800,799
8,2419,1038600,1039400,800
8,2420,1039200,1040000,800
8,2421,1039800,1040600,799
8,2422,1040400,1041200,800
8,2423,1041000,1041800,800
8,2424,1041600,1042400,800
8,2425,1042200,1043000,800
8,2426,1042800,1043600,800
8,2427,1043400,1044200,799
8,2428,1044000,1044800,800
8,2429,1044600,1045400,800
8,2430,1045200,1046000,800
8,2431,1045800,1046600,800
8,2432,1046400,1047200,800
8,2433,1047000,1047800,800
8,2434,1047600,1048400,800
8,2435,1048200,1049000,800
8,2436,1048800,1049600,799
8,2437,1049400,1050200,800
8,2438,1050000,1050800,800
8,2439,1050600,1051400,800
8,2440,1051200,1052000,799
8,2441,1051800,1052600,799
8,2442,1052400,1053200,799
8,2443,1053000,1053800,799
8,2444,1053600,1054400,799
8,2445,1054200,1055000,800
8,2446,1054800,1055600,800
8,2447,1055400,1056200,800
8,2448,1056000,1056800,800
8,2449,1056600,1057400,799
8,2450,1057200,1058000,800
8,2451,1057800,1058600,800
8,2452,1058400,1059200,800
8,2453,1059000,1059800,799
8,2454,1059600,1060400,799
8,2455,1060200,1061000,800
8,2456,1060800,1061600,798
8,2457,1061400,1062200,800
8,2458,1062000,1062800,800
8,2459,1062600,1063400,800
8,2460,1063200,1064000,800
8,2461,1063800,1064600,800
8,2462,1064400,1065200,800
8,2463,1065000,1065800,799
8,2464,1065600,1066400,800
8,2465,1066200,1067000,799
8,2466,1066800,1067600,800
8,2467,1067400,1068200,800
8,2468,1068000,1068800,800
8,2469,1068600,1069400,800
8,2470,1069200,1070000,800
8,2471,1069800,1070600,799
8,2472,1070400,1071200,800
8,2473,1071000,1071800,798
8,2474,1071600,1072400,800
8,2475,1072200,1073000,799
8,2476,1072800,1073600,800
8,2477,1073400,1074200,800
8,2478,1074000,1074800,799
8,2479,1074600,1075400,800
8,2480,1075200,1076000,800
8,2481,1075800,1076600,800
8,2482,1076400,1077200,800
8,2483,1077000,1077800,799
8,2484,1077600,1078400,799
8,2485,1078200,1079000,800
8,2486,1078800,1079600,799
8,2487,1079400,1080200,800
8,2488,1080000,1080800,800
8,2489,1080600,1081400,800
8,2490,1081200,1082000,800
8,2491,1081800,1082600,800
8,2492,1082400,1083200,800
8,2493,1083000,1083800,800
8,2494,1083600,1084400,799
8,2495,1084200,1085000,800
8,2496,1084800,1085600,800
8,2497,1085400,1086200,800
8,2498,1086000,1086800,800
8,2499,1086600,1087400,799
8,2500,1087200,1088000,800
8,2501,1087800,1088600,800
8,2502,1088400,1089200,799
8,2503,1089000,1089800,799
8,2504,1089600,1090400,800
8,2505,1090200,1091000,800
8,2506,1090800,1091600,800
8,2507,1091400,1092200,800
8,2508,1092000,1092800,799
8,2509,1092600,1093400,800
8,2510,1093200,1094000,800
8,2511,1093800,1094600,800
8,2512,1094400,1095200,800
8,2513,1095000,1095800,800
8,2514,1095600,1096400,799
8,2515,1096200,1097000,800
8,2516,1096800,1097600,800
8,2517,1097400,1098200,800
8,2518,1098000,1098800,799
8,2519,1098600,1099400,800
8,2520,1099200,1100000,799
8,2521,1099800,1100600,800
8,2522,1100400,1101200,800
8,2523,1101000,1101800,799
8,2524,1101600,1102400,800
8,2525,1102200,1103000,800
8,2526,1102800,1103600,800
8,2527,1103400,1104200,799
8,2528,1104000,1104800,800
8,2529,1104600,1105400,799
8,2530,1105200,1106000,800
8,2531,1105800,1106600,800
8,2532,1106400,1107200,800
8,2533,1107000,1107800,800
8,2534,1107600,1108400,800
8,2535,1108200,1109000,800
8,2536,1108800,1109600,800
8,2537,1109400,1110200,800
8,2538,1110000,1110800,800
8,2539,1110600,1111400,799
8,2540,1111200,1112000,799
8,2541,1111800,1112600,799
8,2542,1112400,1113200,800
8,2543,1113000,1113800,800
8,2544,1113600,1114400,800
8,2545,1114200,1115000,800
8,2546,1114800,1115600,800
8,2547,1115400,1116200,800
8,2548,1116000,1116800,800
8,2549,1116600,1117400,800
8,2550,1117200,1118000,799
8,2551,1117800,1118600,800
8,2552,1118400,1119200,800
8,2553,1119000,1119800,799
8,2554,1119600,1120400,799
8,2555,1120200,1121000,800
8,2556,1120800,1121600,800
8,2557,1121400,1122200,800
8,2558,1122000,1122800,800
8,2559,1122600,1123400,800
8,2560,1123200,1124000,800
8,2561,1123800,1124600,800
8,2562,1124400,1125200,800
8,2563,1125000,1125800,800
8,2564,1125600,1126400,800
8,2565,1126200,1127000,798
8,2566,1126800,1127600,799
8,2567,1127400,1128200,799
8,2568,1128000,1128800,800
8,2569,1128600,1129400,800
8,2570,1129200,1130000,800
8,2571,1129800,1130600,800
8,2572,1130400,1131200,800
8,2573,1131000,1131800,800
8,2574,1131600,1132400,800
8,2575,1132200,1133000,800
8,2576,1132800,1133600,799
8,2577,1133400,1134200,800
8,2578,1134000,1134800,800
8,2579,1134600,1135400,800
8,2580,1135200,1136000,800
8,2581,1135800,1136600,800
8,2582,1136400,1137200,800
8,2583,1137000,1137800,800
8,2584,1137600,1138400,799
8,2585,1138200,1139000,800
8,2586,1138800,1139600,799
8,2587,1139400,1140200,800
8,2588,1140000,1140800,800
8,2589,1140600,1141400,800
8,2590,1141200,1142000,800
8,2591,1141800,1142600,800
8,2592,1142400,1143200,800
8,2593,1143000,1143800,800
8,2594,1143600,1144400,800
8,2595,1144200,1145000,800
8,2596,1144800,1145600,800
8,2597,1145400,1146200,799
8,2598,1146000,1146800,799
8,2599,1146600,1147400,800
8,2600,1147200,1148000,800
8,2601,1147800,1148600,800
8,2602,1148400,1149200,800
8,2603,1149000,1149800,800
8,2604,1149600,1150400,800
8,2605,1150200,1151000,799
8,2606,1150800,1151600,800
8,2607,1151400,1152200,800
8,2608,1152000,1152800,799
8,2609,1152600,1153400,800
8,2610,1153200,1154000,800
8,2611,1153800,1154600,799
8,2612,1154400,1155200,800
8,2613,1155000,1155800,800
8,2614,1155600,1156400,799
8,2615,1156200,1157000,800
8,2616,1156800,1157600,800
8,2617,1157400,1158200,799
8,2618,1158000,1158800,799
8,2619,1158600,1159400,800
8,2620,1159200,1160000,800
8,2621,1159800,1160600,799
8,2622,1160400,1161200,800
8,2623,1161000,1161800,800
8,2624,1161600,1162400,800
8,2625,1162200,1163000,799
8,2626,1162800,1163600,800
8,2627,1163400,1164200,800
8,2628,1164000,1164800,800
8,2629,1164600,1165400,800
8,2630,1165200,1166000,800
8,2631,1165800,1166600,800
8,2632,1166400,1167200,799
8,2633,1167000,1167800,800
8,2634,1167600,1168400,799
8,2635,1168200,1169000,799
8,2636,1168800,1169600,800
8,2637,1169400,1170200,799
8,2638,1170000,1170800,799
8,2639,1170600,1171400,800
8,2640,1171200,1172000,800
8,2641,1171800,1172600,800
8,2642,1172400,1173200,800
8,2643,1173000,1173800,800
8,2644,1173600,1174400,800
8,2645,1174200,1175000,800
8,2646,1174800,1175600,800
8,2647,1175400,1176200,800
8,2648,1176000,1176800,800
8,2649,1176600,1177400,800
8,2650,1177200,1178000,799
8,2651,1177800,1178600,800
8,2652,1178400,1179200,800
8,2653,1179000,1179800,800
8,2654,1179600,1180400,800
8,2655,1180200,1181000,800
8,2656,1180800,1181600,800
8,2657,1181400,1182200,800
8,2658,1182000,1182800,800
8,2659,1182600,1183400,799
8,2660,1183200,1184000,800
8,2661,1183800,1184600,799
8,2662,1184400,1185200,800
8,2663,1185000,1185800,800
8,2664,1185600,1186400,799
8,2665,1186200,1187000,799
8,2666,1186800,1187600,798
8,2667,1187400,1188200,800
8,2668,1188000,1188800,800
8,2669,1188600,1189400,800
8,2670,1189200,1190000,799
8,2671,1189800,1190600,800
8,2672,1190400,1191200,800
8,2673,1191000,1191800,800
8,2674,1191600,1192400,800
8,2675,1192200,1193000,799
8,2676,1192800,1193600,799
8,2677,1193400,1194200,799
8,2678,1194000,1194800,800
8,2679,1194600,1195400,800
8,2680,1195200,1196000,800
8,2681,1195800,1196600,800
8,2682,1196400,1197200,800
8,2683,1197000,1197800,800
8,2684,1197600,1198400,799
8,2685,1198200,1199000,799
8,2686,1198800,1199600,800
8,2687,1199400,1200200,799
8,2688,1200000,1200800,800
8,2689,1200600,1201400,799
8,2690,1201200,1202000,800
8,2691,1201800,1202600,800
8,2692,1202400,1203200,800
8,2693,1203000,1203800,799
8,2694,1203600,1204400,800
8,2695,1204200,1205000,800
8,2696,1204800,1205600,800
8,2697,1205400,1206200,799
8,2698,1206000,1206800,800
8,2699,1206600,1207400,799
8,2700,1207200,1208000,800
8,2701,1207800,1208600,799
8,2702,1208400,1209200,800
8,2703,1209000,1209800,800
8,2704,1209600,1210400,800
8,2705,1210200,1211000,800
8,2706,1210800,1211600,800
8,2707,1211400,1212200,799
8,2708,1212000,1212800,800
8,2709,1212600,1213400,800
8,2710,1213200,1214000,799
8,2711,1213800,1214600,800
8,2712,1214400,1215200,800
8,2713,1215000,1215800,800
8,2714,1215600,1216400,799
8,2715,1216200,1217000,800
8,2716,1216800,1217600,798
8,2717,1217400,1218200,800
8,2718,1218000,1218800,800
8,2719,1218600,1219400,799
8,2720,1219200,1220000,800
8,2721,1219800,1220600,800
8,2722,1220400,1221200,799
8,2723,1221000,1221800,800
8,2724,1221600,1222400,800
8,2725,1222200,1223000,800
8,2726,1222800,1223600,800
8,2727,1223400,1224200,800
8,2728,1224000,1224800,800
8,2729,1224600,1225400,800
8,2730,1225200,1226000,800
8,2731,1225800,1226600,800
8,2732,1226400,1227200,799
8,2733,1227000,1227800,800
8,2734,1227600,1228400,800
8,2735,1228200,1229000,800
8,2736,1228800,1229600,799
8,2737,1229400,1230200,800
8,2738,1230000,1230800,800
8,2739,1230600,1231400,800
8,2740,1231200,1232000,799
8,2741,1231800,1232600,800
8,2742,1232400,1233200,800
8,2743,1233000,1233800,800
8,2744,1233600,1234400,800
8,2745,1234200,1235000,799
8,2746,1234800,1235600,800
8,2747,1235400,1236200,800
8,2748,1236000,1236800,799
8,2749,1236600,1237400,800
8,2750,1237200,1238000,799
8,2751,1237800,1238600,800
8,2752,1238400,1239200,800
8,2753,1239000,1239800,800
8,2754,1239600,1240400,800
8,2755,1240200,1241000,800
8,2756,1240800,1241600,800
8,2757,1241400,1242200,800
8,2758,1242000,1242800,800
8,2759,1242600,1243400,800
8,2760,1243200,1244000,800
8,2761,1243800,1244600,799
8,2762,1244400,1245200,800
8,2763,1245000,1245800,800
8,2764,1245600,1246400,800
8,2765,1246200,1247000,800
8,2766,1246800,1247600,799
8,2767,1247400,1248200,800
8,2768,1248000,1248800,800
8,2769,1248600,1249400,799
8,2770,1249200,1250000,798
8,2771,1249800,1250600,800
8,2772,1250400,1251200,800
8,2773,1251000,1251800,800
8,2774,1251600,1252400,800
8,2775,1252200,1253000,799
8,2776,1252800,1253600,798
8,2777,1253400,1254200,800
8,2778,1254000,1254800,800
8,2779,1254600,1255400,800
8,2780,1255200,1256000,800
8,2781,1255800,1256600,800
8,2782,1256400,1257200,799
8,2783,1257000,1257800,800
8,2784,1257600,1258400,800
8,2785,1258200,1259000,800
8,2786,1258800,1259600,800
8,2787,1259400,1260200,800
8,2788,1260000,1260800,799
8,2789,1260600,1261400,800
8,2790,1261200,1262000,799
8,2791,1261800,1262600,800
8,2792,1262400,1263200,800
8,2793,1263000,1263800,800
8,2794,1263600,1264400,800
8,2795,1264200,1265000,800
8,2796,1264800,1265600,800
8,2797,1265400,1266200,800
8,2798,1266000,1266800,800
8,2799,1266600,1267400,799
8,2800,1267200,1268000,799
8,2801,1267800,1268600,800
8,2802,1268400,1269200,800
8,2803,1269000,1269800,799
8,2804,1269600,1270400,799
8,2805,1270200,1271000,800
8,2806,1270800,1271600,800
8,2807,1271400,1272200,799
8,2808,1272000,1272800,800
8,2809,1272600,1273400,799
8,2810,1273200,1274000,800
8,2811,1273800,1274600,800
8,2812,1274400,1275200,800
8,2813,1275000,1275800,800
8,2814,1275600,1276400,799
8,2815,1276200,1277000,799
8,2816,1276800,1277600,799
8,2817,1277400,1278200,799
8,2818,1278000,1278800,800
8,2819,1278600,1279400,799
8,2820,1279200,1280000,799
8,2821,1279800,1280600,800
8,2822,1280400,1281200,800
8,2823,1281000,1281800,800
8,2824,1281600,1282400,800
8,2825,1282200,1283000,800
8,2826,1282800,1283600,799
8,2827,1283400,1284200,800
8,2828,1284000,1284800,800
8,2829,1284600,1285400,800
8,2830,1285200,1286000,800
8,2831,1285800,1286600,800
8,2832,1286400,1287200,799
8,2833,1287000,1287800,800
8,2834,1287600,1288400,799
8,2835,1288200,1289000,800
8,2836,1288800,1289600,800
8,2837,1289400,1290200,800
8,2838,1290000,1290800,800
8,2839,1290600,1291400,800
8,2840,1291200,1292000,800
8,2841,1291800,1292600,800
8,2842,1292400,1293200,800
8,2843,1293000,1293800,799
8,2844,1293600,1294400,800
8,2845,1294200,1295000,800
8,2846,1294800,1295600,800
8,2847,1295400,1296200,800
8,2848,1296000,1296800,800
8,2849,1296600,1297400,800
8,2850,1297200,1298000,800
8,2851,1297800,1298600,800
8,2852,1298400,1299200,799
8,2853,1299000,1299800,800
8,2854,1299600,1300400,800
8,2855,1300200,1301000,800
8,2856,1300800,1301600,800
8,2857,1301400,1302200,800
8,2858,1302000,1302800,800
8,2859,1302600,1303400,800
8,2860,1303200,1304000,800
8,2861,1303800,1304600,800
8,2862,1304400,1305200,800
8,2863,1305000,1305800,800
8,2864,1305600,1306400,800
8,2865,1306200,1307000,799
8,2866,1306800,1307600,799
8,2867,1307400,1308200,800
8,2868,1308000,1308800,800
8,2869,1308600,1309400,800
8,2870,1309200,1310000,800
8,2871,1309800,1310600,800
8,2872,1310400,1311200,800
8,2873,1311000,1311800,800
8,2874,1311600,1312400,799
8,2875,1312200,1313000,799
8,2876,1312800,1313600,799
8,2877,1313400,1314200,799
8,2878,1314000,1314800,800
8,2879,1314600,1315400,800
8,2880,1315200,1316000,800
8,2881,1315800,1316600,800
8,2882,1316400,1317200,800
8,2883,1317000,1317800,800
8,2884,1317600,1318400,799
8,2885,1318200,1319000,800
8,2886,1318800,1319600,799
8,2887,1319400,1320200,799
8,2888,1320000,1320800,800
8,2889,1320600,1321400,800
8,2890,1321200,1322000,798
8,2891,1321800,1322600,798
8,2892,1322400,1323200,799
8,2893,1323000,1323800,800
8,2894,1323600,1324400,799
8,2895,1324200,1325000,800
8,2896,1324800,1325600,799
8,2897,1325400,1326200,799
8,2898,1326000,1326800,800
8,2899,1326600,1327400,799
8,2900,1327200,1328000,800
8,2901,1327800,1328600,800
8,2902,1328400,1329200,800
8,2903,1329000,1329800,800
8,2904,1329600,1330400,800
8,2905,1330200,1331000,800
8,2906,1330800,1331600,800
8,2907,1331400,1332200,799
8,2908,1332000,1332800,800
8,2909,1332600,1333400,800
8,2910,1333200,1334000,799
8,2911,1333800,1334600,800
8,2912,1334400,1335200,800
8,2913,1335000,1335800,799
8,2914,1335600,1336400,799
8,2915,1336200,1337000,799
8,2916,1336800,1337600,799
8,2917,1337400,1338200,800
8,2918,1338000,1338800,799
8,2919,1338600,1339400,800
8,2920,1339200,1340000,799
8,2921,1339800,1340600,799
8,2922,1340400,1341200,799
8,2923,1341000,1341800,800
8,2924,1341600,1342400,799
8,2925,1342200,1343000,800
8,2926,1342800,1343600,800
8,2927,1343400,1344200,800
8,2928,1344000,1344800,800
8,2929,1344600,1345400,800
8,2930,1345200,1346000,800
8,2931,1345800,1346600,800
8,2932,1346400,1347200,800
8,2933,1347000,1347800,800
8,2934,1347600,1348400,800
8,2935,1348200,1349000,800
8,2936,1348800,1349600,800
8,2937,1349400,1350200,799
8,2938,1350000,1350800,799
8,2939,1350600,1351400,800
8,2940,1351200,1352000,799
8,2941,1351800,1352600,799
8,2942,1352400,1353200,800
8,2943,1353000,1353800,800
8,2944,1353600,1354400,800
8,2945,1354200,1355000,800
8,2946,1354800,1355600,800
8,2947,1355400,1356200,799
8,2948,1356000,1356800,800
8,2949,1356600,1357400,800
8,2950,1357200,1358000,800
8,2951,1357800,1358600,800
8,2952,1358400,1359200,800
8,2953,1359000,1359800,799
8,2954,1359600,1360400,799
8,2955,1360200,1361000,800
8,2956,1360800,1361600,800
8,2957,1361400,1362200,799
8,2958,1362000,1362800,800
8,2959,1362600,1363400,800
8,2960,1363200,1364000,800
8,2961,1363800,1364600,800
8,2962,1364400,1365200,800
8,2963,1365000,1365800,800
8,2964,1365600,1366400,799
8,2965,1366200,1367000,799
8,2966,1366800,1367600,800
8,2967,1367400,1368200,800
8,2968,1368000,1368800,800
8,2969,1368600,1369400,800
8,2970,1369200,1370000,798
8,2971,1369800,1370600,800
8,2972,1370400,1371200,798
8,2973,1371000,1371800,799
8,2974,1371600,1372400,800
8,2975,1372200,1373000,800
8,2976,1372800,1373600,799
8,2977,1373400,1374200,799
8,2978,1374000,1374800,800
8,2979,1374600,1375400,800
8,2980,1375200,1376000,800
8,2981,1375800,1376600,799
8,2982,1376400,1377200,799
8,2983,1377000,1377800,799
8,2984,1377600,1378400,800
8,2985,1378200,1379000,799
8,2986,1378800,1379600,800
8,2987,1379400,1380200,800
8,2988,1380000,1380800,799
8,2989,1380600,1381400,800
8,2990,1381200,1382000,800
8,2991,1381800,1382600,800
8,2992,1382400,1383200,800
8,2993,1383000,1383800,800
8,2994,1383600,1384400,800
8,2995,1384200,1385000,800
8,2996,1384800,1385600,800
8,2997,1385400,1386200,800
8,2998,1386000,1386800,800
8,2999,1386600,1387400,800
8,3000,1387200,1388000,800
8,3001,1387800,1388600,800
8,3002,1388400,1389200,800
8,3003,1389000,1389800,800
8,3004,1389600,1390400,800
8,3005,1390200,1391000,799
8,3006,1390800,1391600,800
8,3007,1391400,1392200,800
8,3008,1392000,1392800,800
8,3009,1392600,1393400,800
8,3010,1393200,1394000,799
8,3011,1393800,1394600,800
8,3012,1394400,1395200,800
8,3013,1395000,1395800,800
8,3014,1395600,1396400,800
8,3015,1396200,1397000,799
8,3016,1396800,1397600,800
8,3017,1397400,1398200,800
8,3018,1398000,1398800,799
8,3019,1398600,1399400,800
8,3020,1399200,1400000,799
8,3021,1399800,1400600,799
8,3022,1400400,1401200,800
8,3023,1401000,1401800,800
8,3024,1401600,1402400,800
8,3025,1402200,1403000,799
8,3026,1402800,1403600,800
8,3027,1403400,1404200,800
8,3028,1404000,1404800,800
8,3029,1404600,1405400,800
8,3030,1405200,1406000,799
8,3031,1405800,1406600,800
8,3032,1406400,1407200,799
8,3033,1407000,1407800,799
8,3034,1407600,1408400,800
8,3035,1408200,1409000,800
8,3036,1408800,1409600,799
8,3037,1409400,1410200,799
8,3038,1410000,1410800,799
8,3039,1410600,1411400,799
8,3040,1411200,1412000,800
8,3041,1411800,1412600,799
8,3042,1412400,1413200,800
8,3043,1413000,1413800,800
8,3044,1413600,1414400,800
8,3045,1414200,1415000,799
8,3046,1414800,1415600,800
8,3047,1415400,1416200,800
8,3048,1416000,1416800,799
8,3049,1416600,1417400,800
8,3050,1417200,1418000,800
8,3051,1417800,1418600,800
8,3052,1418400,1419200,800
8,3053,1419000,1419800,799
8,3054,1419600,1420400,800
8,3055,1420200,1421000,800
8,3056,1420800,1421600,799
8,3057,1421400,1422200,800
8,3058,1422000,1422800,800
8,3059,1422600,1423400,800
8,3060,1423200,1424000,800
8,3061,1423800,1424600,800
8,3062,1424400,1425200,800
8,3063,1425000,1425800,800
8,3064,1425600,1426400,799
8,3065,1426200,1427000,800
8,3066,1426800,1427600,799
8,3067,1427400,1428200,800
8,3068,1428000,1428800,799
8,3069,1428600,1429400,800
8,3070,1429200,1430000,799
8,3071,1429800,1430600,799
8,3072,1430400,1431200,799
8,3073,1431000,1431800,800
8,3074,1431600,1432400,799
8,3075,1432200,1433000,799
8,3076,1432800,1433600,800
8,3077,1433400,1434200,799
8,3078,1434000,1434800,800
8,3079,1434600,1435400,800
8,3080,1435200,1436000,800
8,3081,1435800,1436600,800
8,3082,1436400,1437200,800
8,3083,1437000,1437800,800
8,3084,1437600,1438400,799
8,3085,1438200,1439000,799
8,3086,1438800,1439600,800
8,3087,1439400,1440200,799
8,3088,1440000,1440800,800
8,3089,1440600,1441400,800
8,3090,1441200,1442000,800
8,3091,1441800,1442600,799
8,3092,1442400,1443200,800
8,3093,1443000,1443800,800
8,3094,1443600,1444400,800
8,3095,1444200,1445000,800
8,3096,1444800,1445600,800
8,3097,1445400,1446200,799
8,3098,1446000,1446800,799
8,3099,1446600,1447400,799
8,3100,1447200,1448000,800
8,3101,1447800,1448600,800
8,3102,1448400,1449200,800
8,3103,1449000,1449800,800
8,3104,1449600,1450400,798
8,3105,1450200,1451000,800
8,3106,1450800,1451600,800
8,3107,1451400,1452200,799
8,3108,1452000,1452800,800
8,3109,1452600,1453400,799
8,3110,1453200,1454000,799
8,3111,1453800,1454600,799
8,3112,1454400,1455200,800
8,3113,1455000,1455800,800
8,3114,1455600,1456400,800
8,3115,1456200,1457000,800
8,3116,1456800,1457600,799
8,3117,1457400,1458200,800
8,3118,1458000,1458800,799
8,3119,1458600,1459400,800
8,3120,1459200,1460000,800
8,3121,1459800,1460600,800
8,3122,1460400,1461200,800
8,3123,1461000,1461800,800
8,3124,1461600,1462400,800
8,3125,1462200,1463000,800
8,3126,1462800,1463600,799
8,3127,1463400,1464200,800
8,3128,1464000,1464800,800
8,3129,1464600,1465400,800
8,3130,1465200,1466000,800
8,3131,1465800,1466600,799
8,3132,1466400,1467200,800
8,3133,1467000,1467800,799
8,3134,1467600,1468400,800
8,3135,1468200,1469000,800
8,3136,1468800,1469600,799
8,3137,1469400,1470200,800
8,3138,1470000,1470800,800
8,3139,1470600,1471400,799
8,3140,1471200,1472000,800
8,3141,1471800,1472600,799
8,3142,1472400,1473200,800
8,3143,1473000,1473800,799
8,3144,1473600,1474400,799
8,3145,1474200,1475000,800
8,3146,1474800,1475600,800
8,3147,1475400,1476200,800
8,3148,1476000,1476800,800
8,3149,1476600,1477400,800
8,3150,1477200,1478000,800
8,3151,1477800,1478600,800
8,3152,1478400,1479200,800
8,3153,1479000,1479800,800
8,3154,1479600,1480400,800
8,3155,1480200,1481000,800
8,3156,1480800,1481600,799
8,3157,1481400,1482200,799
8,3158,1482000,1482800,800
8,3159,1482600,1483400,799
8,3160,1483200,1484000,800
8,3161,1483800,1484600,800
8,3162,1484400,1485200,800
8,3163,1485000,1485800,800
8,3164,1485600,1486400,799
8,3165,1486200,1487000,800
8,3166,1486800,1487600,800
8,3167,1487400,1488200,799
8,3168,1488000,1488800,799
8,3169,1488600,1489400,800
8,3170,1489200,1490000,800
8,3171,1489800,1490600,800
8,3172,1490400,1491200,800
8,3173,1491000,1491800,799
8,3174,1491600,1492400,799
8,3175,1492200,1493000,799
8,3176,1492800,1493600,799
8,3177,1493400,1494200,800
8,3178,1494000,1494800,800
8,3179,1494600,1495400,799
8,3180,1495200,1496000,799
8,3181,1495800,1496600,799
8,3182,1496400,1497200,799
8,3183,1497000,1497800,800
8,3184,1497600,1498400,798
8,3185,1498200,1499000,799
8,3186,1498800,1499600,798
8,3187,1499400,1500200,800
8,3188,1500000,1500800,800
8,3189,1500600,1501400,800
8,3190,1501200,1502000,800
8,3191,1501800,1502600,800
8,3192,1502400,1503200,800
8,3193,1503000,1503800,800
8,3194,1503600,1504400,800
8,3195,1504200,1505000,799
8,3196,1504800,1505600,800
8,3197,1505400,1506200,800
8,3198,1506000,1506800,800
8,3199,1506600,1507400,800
8,3200,1507200,1508000,800
8,3201,1507800,1508600,799
8,3202,1508400,1509200,800
8,3203,1509000,1509800,800
8,3204,1509600,1510400,800
8,3205,1510200,1511000,799
8,3206,1510800,1511600,799
8,3207,1511400,1512200,800
8,3208,1512000,1512800,800
8,3209,1512600,1513400,800
8,3210,1513200,1514000,800
8,3211,1513800,1514600,799
8,3212,1514400,1515200,800
8,3213,1515000,1515800,800
8,3214,1515600,1516400,799
8,3215,1516200,1517000,800
8,3216,1516800,1517600,800
8,3217,1517400,1518200,800
8,3218,1518000,1518800,800
8,3219,1518600,1519400,800
8,3220,1519200,1520000,798
8,3221,1519800,1520600,799
8,3222,1520400,1521200,800
8,3223,1521000,1521800,800
8,3224,1521600,1522400,800
8,3225,1522200,1523000,800
8,3226,1522800,1523600,800
8,3227,1523400,1524200,800
8,3228,1524000,1524800,799
8,3229,1524600,1525400,800
8,3230,1525200,1526000,800
8,3231,1525800,1526600,800
8,3232,1526400,1527200,800
8,3233,1527000,1527800,800
8,3234,1527600,1528400,798
8,3235,1528200,1529000,800
8,3236,1528800,1529600,800
8,3237,1529400,1530200,799
8,3238,1530000,1530800,800
8,3239,1530600,1531400,800
8,3240,1531200,1532000,800
8,3241,1531800,1532600,800
8,3242,1532400,1533200,800
8,3243,1533000,1533800,800
8,3244,1533600,1534400,800
8,3245,1534200,1535000,800
8,3246,1534800,1535600,799
8,3247,1535400,1536200,800
8,3248,1536000,1536800,800
8,3249,1536600,1537400,800
8,3250,1537200,1538000,799
8,3251,1537800,1538600,800
8,3252,1538400,1539200,799
8,3253,1539000,1539800,800
8,3254,1539600,1540400,800
8,3255,1540200,1541000,800
8,3256,1540800,1541600,799
8,3257,1541400,1542200,799
8,3258,1542000,1542800,800
8,3259,1542600,1543400,800
8,3260,1543200,1544000,800
8,3261,1543800,1544600,800
8,3262,1544400,1545200,800
8,3263,1545000,1545800,800
8,3264,1545600,1546400,800
8,3265,1546200,1547000,800
8,3266,1546800,1547600,800
8,3267,1547400,1548200,799
8,3268,1548000,1548800,800
8,3269,1548600,1549400,800
8,3270,1549200,1550000,799
8,3271,1549800,1550600,800
8,3272,1550400,1551200,799
8,3273,1551000,1551800,800
8,3274,1551600,1552400,800
8,3275,1552200,1553000,798
8,3276,1552800,1553600,799
8,3277,1553400,1554200,800
8,3278,1554000,1554800,800
8,3279,1554600,1555400,800
8,3280,1555200,1556000,800
8,3281,1555800,1556600,798
8,3282,1556400,1557200,800
8,3283,1557000,1557800,800
8,3284,1557600,1558400,800
8,3285,1558200,1559000,800
8,3286,1558800,1559600,799
8,3287,1559400,1560200,800
8,3288,1560000,1560800,800
8,3289,1560600,1561400,800
8,3290,1561200,1562000,799
8,3291,1561800,1562600,800
8,3292,1562400,1563200,800
8,3293,1563000,1563800,800
8,3294,1563600,1564400,799
8,3295,1564200,1565000,798
8,3296,1564800,1565600,800
8,3297,1565400,1566200,799
8,3298,1566000,1566800,800
8,3299,1566600,1567400,799
8,3300,1567200,1568000,799
8,3301,1567800,1568600,799
8,3302,1568400,1569200,799
8,3303,1569000,1569800,800
8,3304,1569600,1570400,800
8,3305,1570200,1571000,800
8,3306,1570800,1571600,799
8,3307,1571400,1572200,800
8,3308,1572000,1572800,800
8,3309,1572600,1573400,799
8,3310,1573200,1574000,800
8,3311,1573800,1574600,799
8,3312,1574400,1575200,799
8,3313,1575000,1575800,800
8,3314,1575600,1576400,800
8,3315,1576200,1577000,800
8,3316,1576800,1577600,800
8,3317,1577400,1578200,800
8,3318,1578000,1578352,352
9,3319,0,800,800
9,3320,600,1400,800
9,3321,1200,2000,800
9,3322,1800,2600,800
9,3323,2400,3200,800
9,3324,3000,3800,800
9,3325,3600,4400,800
9,3326,4200,5000,800
9,3327,4800,5600,800
9,3328,5400,6200,800
9,3329,6000,6800,800
9,3330,6600,7400,799
9,3331,7200,8000,800
9,3332,7800,8600,800
9,3333,8400,9200,800
9,3334,9000,9800,799
9,3335,9600,10400,800
9,3336,10200,11000,800
9,3337,10800,11600,799
9,3338,11400,12200,799
9,3339,12000,12800,800
9,3340,12600,13400,800
9,3341,13200,14000,799
9,3342,13800,14600,799
9,3343,14400,15200,800
9,3344,15000,15800,800
9,3345,15600,16400,800
9,3346,16200,17000,800
9,3347,16800,17600,800
9,3348,17400,18200,800
9,3349,18000,18800,800
9,3350,18600,19400,800
9,3351,19200,20000,800
9,3352,19800,20600,799
9,3353,20400,21200,800
9,3354,21000,21800,800
9,3355,21600,22400,800
9,3356,22200,23000,800
9,3357,22800,23600,800
9,3358,23400,24200,800
9,3359,24000,24800,799
9,3360,24600,25400,799
9,3361,25200,26000,800
9,3362,25800,26600,799
9,3363,26400,27200,800
9,3364,27000,27800,800
9,3365,27600,28332,732
10,3366,0,800,799
10,3367,600,1400,800
10,3368,1200,2000,800
10,3369,1800,2600,800
10,3370,2400,3200,800
10,3371,3000,3800,800
10,3372,3600,4400,800
10,3373,4200,5000,800
10,3374,4800,5600,799
10,3375,5400,6200,800
10,3376,6000,6800,799
10,3377,6600,7400,799
10,3378,7200,8000,799
10,3379,7800,8600,800
10,3380,8400,9200,799
10,3381,9000,9800,800
10,3382,9600,10400,800
10,3383,10200,11000,800
10,3384,10800,11600,800
10,3385,11400,12200,800
10,3386,12000,12800,800
10,3387,12600,13400,800
10,3388,13200,14000,799
10,3389,13800,14600,799
10,3390,14400,15200,800
10,3391,15000,15800,799
10,3392,15600,16400,800
10,3393,16200,17000,799
10,3394,16800,17600,799
10,3395,17400,18200,800
10,3396,18000,18800,800
10,3397,18600,19400,800
10,3398,19200,20000,799
10,3399,19800,20600,800
10,3400,20400,21200,800
10,3401,21000,21800,800
10,3402,21600,22400,798
10,3403,22200,23000,800
10,3404,22800,23600,799
10,3405,23400,24200,800
10,3406,24000,24800,798
10,3407,24600,25400,800
10,3408,25200,26000,799
10,3409,25800,26600,799
10,3410,26400,27200,800
10,3411,27000,27800,800
10,3412,27600,28400,800
10,3413,28200,29000,799
10,3414,28800,29600,798
10,3415,29400,30200,800
10,3416,30000,30800,800
10,3417,30600,31400,800
10,3418,31200,32000,800
10,3419,31800,32600,800
10,3420,32400,33200,799
10,3421,33000,33800,800
10,3422,33600,34400,800
10,3423,34200,35000,799
10,3424,34800,35600,800
10,3425,35400,36200,799
10,3426,36000,36800,800
10,3427,36600,37400,800
10,3428,37200,38000,800
10,3429,37800,38600,800
10,3430,38400,39200,800
10,3431,39000,39800,800
10,3432,39600,40400,800
10,3433,40200,41000,800
10,3434,40800,41600,800
10,3435,41400,42200,800
10,3436,42000,42800,800
10,3437,42600,43400,799
10,3438,43200,44000,799
10,3439,43800,44600,799
10,3440,44400,45200,800
10,3441,45000,45800,800
10,3442,45600,46400,799
10,3443,46200,47000,800
10,3444,46800,47600,800
10,3445,47400,48200,800
10,3446,48000,48800,800
10,3447,48600,49400,799
10,3448,49200,50000,799
10,3449,49800,50600,800
10,3450,50400,51200,800
10,3451,51000,51800,800
10,3452,51600,52400,800
10,3453,52200,53000,800
10,3454,52800,53600,799
10,3455,53400,54200,799
10,3456,54000,54800,799
10,3457,54600,55400,800
10,3458,55200,56000,799
10,3459,55800,56435,635
11,3460,0,800,800
11,3461,600,1400,799
11,3462,1200,2000,800
11,3463,1800,2600,800
11,3464,2400,3200,800
11,3465,3000,3800,800
11,3466,3600,4400,800
11,3467,4200,5000,799
11,3468,4800,5600,800
11,3469,5400,6200,800
11,3470,6000,6800,800
11,3471,6600,7400,800
11,3472,7200,8000,800
11,3473,7800,8600,800
11,3474,8400,9200,800
11,3475,9000,9800,799
11,3476,9600,10400,800
11,3477,10200,11000,800
11,3478,10800,11600,800
11,3479,11400,12200,800
11,3480,12000,12800,799
11,3481,12600,13400,800
11,3482,13200,14000,800
11,3483,13800,14600,800
11,3484,14400,15200,799
11,3485,15000,15800,800
11,3486,15600,16400,800
11,3487,16200,17000,798
11,3488,16800,17600,799
11,3489,17400,18200,799
11,3490,18000,18800,800
11,3491,18600,19400,800
11,3492,19200,20000,800
11,3493,19800,20600,799
11,3494,20400,21200,800
11,3495,21000,21800,799
11,3496,21600,22400,800
11,3497,22200,23000,800
11,3498,22800,23600,799
11,3499,23400,24200,800
11,3500,24000,24800,800
11,3501,24600,25400,799
11,3502,25200,26000,800
11,3503,25800,26600,800
11,3504,26400,27200,800
11,3505,27000,27800,799
11,3506,27600,28400,800
11,3507,28200,29000,800
11,3508,28800,29600,800
11,3509,29400,30200,800
11,3510,30000,30800,800
11,3511,30600,31400,799
11,3512,31200,32000,800
11,3513,31800,32600,799
11,3514,32400,33200,800
11,3515,33000,33800,800
11,3516,33600,34400,800
11,3517,34200,35000,799
11,3518,34800,35600,800
11,3519,35400,36200,799
11,3520,36000,36800,800
11,3521,36600,37400,799
11,3522,37200,38000,800
11,3523,37800,38600,800
11,3524,38400,39200,800
11,3525,39000,39800,800
11,3526,39600,40400,800
11,3527,40200,41000,800
11,3528,40800,41600,800
11,3529,41400,42200,800
11,3530,42000,42800,799
11,3531,42600,43400,800
11,3532,43200,44000,800
11,3533,43800,44600,798
11,3534,44400,45200,800
11,3535,45000,45800,799
11,3536,45600,46400,800
11,3537,46200,47000,800
11,3538,46800,47600,800
11,3539,47400,48200,799
11,3540,48000,48800,800
11,3541,48600,49400,800
11,3542,49200,50000,800
11,3543,49800,50600,800
11,3544,50400,51200,800
11,3545,51000,51800,800
11,3546,51600,52400,800
11,3547,52200,53000,800
11,3548,52800,53600,800
11,3549,53400,54200,800
11,3550,54000,54800,800
11,3551,54600,55400,799
11,3552,55200,56000,800
11,3553,55800,56600,800
11,3554,56400,57200,799
11,3555,57000,57800,799
11,3556,57600,58400,800
11,3557,58200,59000,800
11,3558,58800,59600,799
11,3559,59400,60200,800
11,3560,60000,60800,799
11,3561,60600,61400,800
11,3562,61200,62000,800
11,3563,61800,62600,800
11,3564,62400,62764,364
12,3565,0,800,800
12,3566,600,1400,800
12,3567,1200,2000,800
12,3568,1800,2600,800
12,3569,2400,3200,800
12,3570,3000,3800,799
12,3571,3600,4400,799
12,3572,4200,5000,800
12,3573,4800,5600,800
12,3574,5400,6200,800
12,3575,6000,6800,800
12,3576,6600,7400,800
12,3577,7200,8000,800
12,3578,7800,8600,800
12,3579,8400,9200,799
12,3580,9000,9800,800
12,3581,9600,10400,800
12,3582,10200,11000,800
12,3583,10800,11600,800
12,3584,11400,12200,800
12,3585,12000,12800,800
12,3586,12600,13400,800
12,3587,13200,14000,800
12,3588,13800,14600,800
12,3589,14400,15200,800
12,3590,15000,15800,798
12,3591,15600,16400,800
12,3592,16200,17000,800
12,3593,16800,17600,799
12,3594,17400,18200,800
12,3595,18000,18800,799
12,3596,18600,19400,799
12,3597,19200,20000,799
12,3598,19800,20600,800
12,3599,20400,21200,800
12,3600,21000,21800,799
12,3601,21600,22400,800
12,3602,22200,23000,800
12,3603,22800,23600,800
12,3604,23400,24200,798
12,3605,24000,24800,799
12,3606,24600,25400,800
12,3607,25200,26000,800
12,3608,25800,26600,800
12,3609,26400,27200,799
12,3610,27000,27800,799
12,3611,27600,28400,800
12,3612,28200,29000,800
12,3613,28800,29600,800
12,3614,29400,30200,800
12,3615,30000,30800,800
12,3616,30600,31400,799
12,3617,31200,32000,800
12,3618,31800,32600,800
12,3619,32400,33200,800
12,3620,33000,33800,799
12,3621,33600,34400,799
12,3622,34200,35000,800
12,3623,34800,35600,800
12,3624,35400,36200,800
12,3625,36000,36800,800
12,3626,36600,37400,800
12,3627,37200,38000,800
12,3628,37800,38600,800
12,3629,38400,39200,799
12,3630,39000,39800,800
12,3631,39600,40400,800
12,3632,40200,41000,800
12,3633,40800,41600,800
12,3634,41400,42200,800
12,3635,42000,42800,800
12,3636,42600,43400,800
12,3637,43200,44000,800
12,3638,43800,44600,800
12,3639,44400,45200,800
12,3640,45000,45800,799
12,3641,45600,46400,800
12,3642,46200,47000,800
12,3643,46800,47600,800
12,3644,47400,48200,800
12,3645,48000,48800,799
12,3646,48600,49400,800
12,3647,49200,50000,799
12,3648,49800,50600,799
12,3649,50400,51200,800
12,3650,51000,51800,799
12,3651,51600,52400,800
12,3652,52200,53000,799
12,3653,52800,53600,800
12,3654,53400,54200,799
12,3655,54000,54800,800
12,3656,54600,55400,800
12,3657,55200,56000,799
12,3658,55800,56600,800
12,3659,56400,57200,800
12,3660,57000,57800,800
12,3661,57600,58400,799
12,3662,58200,59000,800
12,3663,58800,59600,800
12,3664,59400,60200,800
12,3665,60000,60800,800
12,3666,60600,61400,800
12,3667,61200,62000,800
12,3668,61800,62600,800
12,3669,62400,63200,800
12,3670,63000,63800,800
12,3671,63600,64400,799
12,3672,64200,65000,800
12,3673,64800,65600,800
12,3674,65400,66200,800
12,3675,66000,66800,800
12,3676,66600,67400,800
12,3677,67200,68000,800
12,3678,67800,68600,799
12,3679,68400,69200,800
12,3680,69000,69800,800
12,3681,69600,70400,800
12,3682,70200,71000,800
12,3683,70800,71600,799
12,3684,71400,72200,800
12,3685,72000,72800,800
12,3686,72600,73400,799
12,3687,73200,74000,800
12,3688,73800,74600,799
12,3689,74400,75200,800
12,3690,75000,75800,800
12,3691,75600,76400,800
12,3692,76200,77000,800
12,3693,76800,77600,800
12,3694,77400,78200,800
12,3695,78000,78800,800
12,3696,78600,79400,800
12,3697,79200,80000,800
12,3698,79800,80600,800
12,3699,80400,81099,698
13,3700,0,800,800
13,3701,600,1400,800
13,3702,1200,2000,799
13,3703,1800,2600,800
13,3704,2400,3200,800
13,3705,3000,3800,800
13,3706,3600,4400,800
13,3707,4200,5000,800
13,3708,4800,5600,800
13,3709,5400,6200,800
13,3710,6000,6800,800
13,3711,6600,7400,799
13,3712,7200,8000,799
13,3713,7800,8600,800
13,3714,8400,9200,800
13,3715,9000,9800,799
13,3716,9600,10400,800
13,3717,10200,11000,800
13,3718,10800,11600,799
13,3719,11400,12200,799
13,3720,12000,12800,800
13,3721,12600,13400,800
13,3722,13200,14000,799
13,3723,13800,14600,800
13,3724,14400,15200,800
13,3725,15000,15800,800
13,3726,15600,16400,800
13,3727,16200,17000,800
13,3728,16800,17600,800
13,3729,17400,18200,800
13,3730,18000,18800,800
13,3731,18600,19400,800
13,3732,19200,20000,799
13,3733,19800,20600,800
13,3734,20400,21200,799
13,3735,21000,21800,800
13,3736,21600,22400,799
13,3737,22200,23000,800
13,3738,22800,23600,800
13,3739,23400,24200,799
13,3740,24000,24800,800
13,3741,24600,25400,800
13,3742,25200,26000,800
13,3743,25800,26600,800
13,3744,26400,27200,800
13,3745,27000,27800,800
13,3746,27600,28400,800
13,3747,28200,29000,798
13,3748,28800,29600,800
13,3749,29400,30200,800
13,3750,30000,30800,800
13,3751,30600,31400,799
13,3752,31200,32000,799
13,3753,31800,32600,800
13,3754,32400,33200,800
13,3755,33000,33800,800
13,3756,33600,34400,800
13,3757,34200,35000,800
13,3758,34800,35600,800
13,3759,35400,36200,799
13,3760,36000,36800,800
13,3761,36600,37400,800
13,3762,37200,38000,799
13,3763,37800,38600,800
13,3764,38400,39200,800
13,3765,39000,39800,799
13,3766,39600,40400,799
13,3767,40200,41000,800
13,3768,40800,41541,741
14,3769,0,800,800
14,3770,600,1400,800
14,3771,1200,2000,799
14,3772,1800,2600,799
14,3773,2400,3200,800
14,3774,3000,3800,800
14,3775,3600,4400,800
14,3776,4200,5000,799
14,3777,4800,5600,799
14,3778,5400,6200,799
14,3779,6000,6800,800
14,3780,6600,7400,800
14,3781,7200,8000,799
14,3782,7800,8600,800
14,3783,8400,9200,800
14,3784,9000,9800,800
14,3785,9600,10400,800
14,3786,10200,11000,800
14,3787,10800,11600,800
14,3788,11400,12200,800
14,3789,12000,12800,799
14,3790,12600,13400,800
14,3791,13200,14000,800
14,3792,13800,14600,800
14,3793,14400,15200,800
14,3794,15000,15800,800
14,3795,15600,16400,800
14,3796,16200,17000,800
14,3797,16800,17600,798
14,3798,17400,18200,800
14,3799,18000,18800,800
14,3800,18600,19400,799
14,3801,19200,20000,799
14,3802,19800,20600,800
14,3803,20400,21200,798
14,3804,21000,21800,800
14,3805,21600,22400,799
14,3806,22200,23000,799
14,3807,22800,23600,799
14,3808,23400,24200,800
14,3809,24000,24800,800
14,3810,24600,25400,800
14,3811,25200,26000,800
14,3812,25800,26600,800
14,3813,26400,27200,800
14,3814,27000,27800,799
14,3815,27600,28400,800
14,3816,28200,29000,798
14,3817,28800,29600,799
14,3818,29400,30200,799
14,3819,30000,30800,800
14,3820,30600,31400,800
14,3821,31200,32000,800
14,3822,31800,32600,800
14,3823,32400,33200,800
14,3824,33000,33800,800
14,3825,33600,34400,800
14,3826,34200,35000,800
14,3827,34800,35600,800
14,3828,35400,36200,800
14,3829,36000,36800,799
14,3830,36600,37400,799
14,3831,37200,38000,799
14,3832,37800,38600,799
14,3833,38400,39200,800
14,3834,39000,39800,800
14,3835,39600,40400,799
14,3836,40200,41000,800
14,3837,40800,41600,800
14,3838,41400,42200,799
14,3839,42000,42800,800
14,3840,42600,43400,800
14,3841,43200,44000,800
14,3842,43800,44600,800
14,3843,44400,45200,799
14,3844,45000,45800,799
14,3845,45600,46400,799
14,3846,46200,47000,800
14,3847,46800,47600,800
14,3848,47400,48200,799
14,3849,48000,48800,799
14,3850,48600,49400,799
14,3851,49200,50000,799
14,3852,49800,50600,800
14,3853,50400,51200,800
14,3854,51000,51800,799
14,3855,51600,52400,800
14,3856,52200,53000,798
14,3857,52800,53600,800
14,3858,53400,54200,799
14,3859,54000,54800,799
14,3860,54600,55400,800
14,3861,55200,56000,800
14,3862,55800,56600,800
14,3863,56400,57200,799
14,3864,57000,57800,799
14,3865,57600,58400,800
14,3866,58200,59000,800
14,3867,58800,59600,800
14,3868,59400,60200,800
14,3869,60000,60800,799
14,3870,60600,61400,799
14,3871,61200,62000,799
14,3872,61800,62600,800
14,3873,62400,63200,799
14,3874,63000,63800,800
14,3875,63600,64400,800
14,3876,64200,65000,800
14,3877,64800,65600,799
14,3878,65400,66200,800
14,3879,66000,66800,799
14,3880,66600,67400,800
14,3881,67200,68000,800
14,3882,67800,68600,800
14,3883,68400,69200,800
14,3884,69000,69800,800
14,3885,69600,70400,800
14,3886,70200,71000,800
14,3887,70800,71600,800
14,3888,71400,72200,800
14,3889,72000,72800,800
14,3890,72600,73400,800
14,3891,73200,74000,800
14,3892,73800,74600,800
14,3893,74400,75200,799
14,3894,75000,75800,800
14,3895,75600,76400,799
14,3896,76200,77000,800
14,3897,76800,77600,799
14,3898,77400,78200,800
14,3899,78000,78800,800
14,3900,78600,79400,800
14,3901,79200,80000,800
14,3902,79800,80600,800
14,3903,80400,81200,800
14,3904,81000,81800,800
14,3905,81600,82400,800
14,3906,82200,83000,799
14,3907,82800,83600,800
14,3908,83400,84200,799
14,3909,84000,84800,800
14,3910,84600,85400,799
14,3911,85200,86000,800
14,3912,85800,86600,799
14,3913,86400,87200,800
14,3914,87000,87800,799
14,3915,87600,88400,800
14,3916,88200,89000,800
14,3917,88800,89600,800
14,3918,89400,90200,800
14,3919,90000,90800,800
14,3920,90600,91400,800
14,3921,91200,92000,800
14,3922,91800,92600,800
14,3923,92400,93200,800
14,3924,93000,93800,800
14,3925,93600,94400,799
14,3926,94200,95000,799
14,3927,94800,95600,800
14,3928,95400,96200,800
14,3929,96000,96800,799
14,3930,96600,97400,800
14,3931,97200,98000,800
14,3932,97800,98600,799
14,3933,98400,99200,799
14,3934,99000,99800,800
14,3935,99600,100400,800
14,3936,100200,101000,799
14,3937,100800,101600,800
14,3938,101400,102200,799
14,3939,102000,102800,800
14,3940,102600,103400,799
14,3941,103200,104000,800
14,3942,103800,104600,799
14,3943,104400,105200,800
14,3944,105000,105800,799
14,3945,105600,106400,800
14,3946,106200,107000,799
14,3947,106800,107600,799
14,3948,107400,108200,800
14,3949,108000,108800,800
14,3950,108600,109400,800
14,3951,109200,110000,799
14,3952,109800,110600,800
14,3953,110400,111200,800
14,3954,111000,111800,799
14,3955,111600,112248,648
15,3956,0,800,800
15,3957,600,1400,800
15,3958,1200,2000,800
15,3959,1800,2600,800
15,3960,2400,3200,800
15,3961,3000,3800,800
15,3962,3600,4400,800
15,3963,4200,5000,800
15,3964,4800,5600,800
15,3965,5400,6200,799
15,3966,6000,6800,800
15,3967,6600,7400,800
15,3968,7200,8000,800
15,3969,7800,8600,799
15,3970,8400,9200,800
15,3971,9000,9800,800
15,3972,9600,10400,800
15,3973,10200,10499,299
16,3974,0,800,800
16,3975,600,1400,799
16,3976,1200,2000,800
16,3977,1800,2600,800
16,3978,2400,3200,800
16,3979,3000,3800,799
16,3980,3600,4400,800
16,3981,4200,5000,800
16,3982,4800,5600,800
16,3983,5400,6200,800
16,3984,6000,6800,800
16,3985,6600,7400,800
16,3986,7200,8000,799
16,3987,7800,8600,800
16,3988,8400,9200,800
16,3989,9000,9800,800
16,3990,9600,10400,799
16,3991,10200,11000,800
16,3992,10800,11600,800
16,3993,11400,12200,798
16,3994,12000,12800,800
16,3995,12600,13400,799
16,3996,13200,14000,799
16,3997,13800,14600,799
16,3998,14400,15200,800
16,3999,15000,15800,800
16,4000,15600,16400,800
16,4001,16200,17000,799
16,4002,16800,17600,799
16,4003,17400,18200,800
16,4004,18000,18800,799
16,4005,18600,19400,800
16,4006,19200,20000,800
16,4007,19800,20600,800
16,4008,20400,21200,800
16,4009,21000,21800,800
16,4010,21600,22400,800
16,4011,22200,23000,800
16,4012,22800,23600,800
16,4013,23400,24200,800
16,4014,24000,24800,800
16,4015,24600,25400,800
16,4016,25200,26000,800
16,4017,25800,26600,799
16,4018,26400,27200,800
16,4019,27000,27800,799
16,4020,27600,28400,800
16,4021,28200,29000,799
16,4022,28800,29600,800
16,4023,29400,30200,800
16,4024,30000,30800,800
16,4025,30600,31400,800
16,4026,31200,32000,800
16,4027,31800,32600,799
16,4028,32400,33200,800
16,4029,33000,33800,800
16,4030,33600,34400,799
16,4031,34200,35000,800
16,4032,34800,35600,799
16,4033,35400,36200,800
16,4034,36000,36800,800
16,4035,36600,37400,800
16,4036,37200,38000,800
16,4037,37800,38600,800
16,4038,38400,39200,800
16,4039,39000,39800,800
16,4040,39600,40400,800
16,4041,40200,41000,800
16,4042,40800,41600,800
16,4043,41400,42200,800
16,4044,42000,42800,799
16,4045,42600,43400,800
16,4046,43200,44000,800
16,4047,43800,44600,800
16,4048,44400,45200,800
16,4049,45000,45800,800
16,4050,45600,46400,800
16,4051,46200,47000,800
16,4052,46800,47600,800
16,4053,47400,48200,799
16,4054,48000,48800,800
16,4055,48600,49400,799
16,4056,49200,50000,799
16,4057,49800,50600,800
16,4058,50400,51200,800
16,4059,51000,51800,800
16,4060,51600,52400,799
16,4061,52200,53000,800
16,4062,52800,53600,800
16,4063,53400,54200,800
16,4064,54000,54800,800
16,4065,54600,55400,800
16,4066,55200,56000,800
16,4067,55800,56600,800
16,4068,56400,57200,800
16,4069,57000,57800,800
16,4070,57600,58400,800
16,4071,58200,59000,800
16,4072,58800,59600,799
16,4073,59400,60200,800
16,4074,60000,60800,799
16,4075,60600,61400,800
16,4076,61200,62000,800
16,4077,61800,62600,799
16,4078,62400,63200,800
16,4079,63000,63800,800
16,4080,63600,64400,800
16,4081,64200,65000,800
16,4082,64800,65600,800
16,4083,65400,66200,799
16,4084,66000,66800,799
16,4085,66600,67400,799
16,4086,67200,68000,799
16,4087,67800,68600,799
16,4088,68400,69200,800
16,4089,69000,69800,799
16,4090,69600,70400,799
16,4091,70200,71000,799
16,4092,70800,71600,800
16,4093,71400,72200,799
16,4094,72000,72641,641
17,4095,0,134,134
18,4096,0,74,74
19,4097,0,62,62
